image_path,label
C:\Users\HishamMo\Desktop\999_cs\Quantum_Inpired_PSO_Classifcation\MRI_dataset\Tuberous Sclerosis\Tuberous_Sclerosis001.jpg,Tuberous Sclerosis
C:\Users\HishamMo\Desktop\999_cs\Quantum_Inpired_PSO_Classifcation\MRI_dataset\Tuberous Sclerosis\Tuberous_Sclerosis002.jpg,Tuberous Sclerosis
C:\Users\HishamMo\Desktop\999_cs\Quantum_Inpired_PSO_Classifcation\MRI_dataset\Tuberous Sclerosis\Tuberous_Sclerosis003.jpg,Tuberous Sclerosis
C:\Users\HishamMo\Desktop\999_cs\Quantum_Inpired_PSO_Classifcation\MRI_dataset\Tuberous Sclerosis\Tuberous_Sclerosis004.jpg,Tuberous Sclerosis
C:\Users\HishamMo\Desktop\999_cs\Quantum_Inpired_PSO_Classifcation\MRI_dataset\Tuberous Sclerosis\Tuberous_Sclerosis005.jpg,Tuberous Sclerosis
C:\Users\HishamMo\Desktop\999_cs\Quantum_Inpired_PSO_Classifcation\MRI_dataset\Tuberous Sclerosis\Tuberous_Sclerosis006.jpg,Tuberous Sclerosis
C:\Users\HishamMo\Desktop\999_cs\Quantum_Inpired_PSO_Classifcation\MRI_dataset\Tuberous Sclerosis\Tuberous_Sclerosis007.jpg,Tuberous Sclerosis
C:\Users\HishamMo\Desktop\999_cs\Quantum_Inpired_PSO_Classifcation\MRI_dataset\Tuberous Sclerosis\Tuberous_Sclerosis008.jpg,Tuberous Sclerosis
C:\Users\HishamMo\Desktop\999_cs\Quantum_Inpired_PSO_Classifcation\MRI_dataset\Tuberous Sclerosis\Tuberous_Sclerosis009.jpg,Tuberous Sclerosis
C:\Users\HishamMo\Desktop\999_cs\Quantum_Inpired_PSO_Classifcation\MRI_dataset\Tuberous Sclerosis\Tuberous_Sclerosis010.jpg,Tuberous Sclerosis
C:\Users\HishamMo\Desktop\999_cs\Quantum_Inpired_PSO_Classifcation\MRI_dataset\Tuberous Sclerosis\Tuberous_Sclerosis011.jpg,Tuberous Sclerosis
C:\Users\HishamMo\Desktop\999_cs\Quantum_Inpired_PSO_Classifcation\MRI_dataset\Tuberous Sclerosis\Tuberous_Sclerosis012.jpg,Tuberous Sclerosis
C:\Users\HishamMo\Desktop\999_cs\Quantum_Inpired_PSO_Classifcation\MRI_dataset\Tuberous Sclerosis\Tuberous_Sclerosis013.jpg,Tuberous Sclerosis
C:\Users\HishamMo\Desktop\999_cs\Quantum_Inpired_PSO_Classifcation\MRI_dataset\Tuberous Sclerosis\Tuberous_Sclerosis014.jpg,Tuberous Sclerosis
C:\Users\HishamMo\Desktop\999_cs\Quantum_Inpired_PSO_Classifcation\MRI_dataset\Tuberous Sclerosis\Tuberous_Sclerosis015.jpg,Tuberous Sclerosis
C:\Users\HishamMo\Desktop\999_cs\Quantum_Inpired_PSO_Classifcation\MRI_dataset\Tuberous Sclerosis\Tuberous_Sclerosis016.jpg,Tuberous Sclerosis
C:\Users\HishamMo\Desktop\999_cs\Quantum_Inpired_PSO_Classifcation\MRI_dataset\Tuberous Sclerosis\Tuberous_Sclerosis017.jpg,Tuberous Sclerosis
C:\Users\HishamMo\Desktop\999_cs\Quantum_Inpired_PSO_Classifcation\MRI_dataset\Tuberous Sclerosis\Tuberous_Sclerosis018.jpg,Tuberous Sclerosis
C:\Users\HishamMo\Desktop\999_cs\Quantum_Inpired_PSO_Classifcation\MRI_dataset\Tuberous Sclerosis\Tuberous_Sclerosis019.jpg,Tuberous Sclerosis
C:\Users\HishamMo\Desktop\999_cs\Quantum_Inpired_PSO_Classifcation\MRI_dataset\Tuberous Sclerosis\Tuberous_Sclerosis020.jpg,Tuberous Sclerosis
C:\Users\HishamMo\Desktop\999_cs\Quantum_Inpired_PSO_Classifcation\MRI_dataset\Tuberous Sclerosis\Tuberous_Sclerosis021.jpg,Tuberous Sclerosis
C:\Users\HishamMo\Desktop\999_cs\Quantum_Inpired_PSO_Classifcation\MRI_dataset\Tuberous Sclerosis\Tuberous_Sclerosis022.jpg,Tuberous Sclerosis
C:\Users\HishamMo\Desktop\999_cs\Quantum_Inpired_PSO_Classifcation\MRI_dataset\Tuberous Sclerosis\Tuberous_Sclerosis023.jpg,Tuberous Sclerosis
C:\Users\HishamMo\Desktop\999_cs\Quantum_Inpired_PSO_Classifcation\MRI_dataset\Tuberous Sclerosis\Tuberous_Sclerosis024.jpg,Tuberous Sclerosis
C:\Users\HishamMo\Desktop\999_cs\Quantum_Inpired_PSO_Classifcation\MRI_dataset\Tuberous Sclerosis\Tuberous_Sclerosis025.jpg,Tuberous Sclerosis
C:\Users\HishamMo\Desktop\999_cs\Quantum_Inpired_PSO_Classifcation\MRI_dataset\Tuberous Sclerosis\Tuberous_Sclerosis026.jpg,Tuberous Sclerosis
C:\Users\HishamMo\Desktop\999_cs\Quantum_Inpired_PSO_Classifcation\MRI_dataset\Tuberous Sclerosis\Tuberous_Sclerosis027.jpg,Tuberous Sclerosis
C:\Users\HishamMo\Desktop\999_cs\Quantum_Inpired_PSO_Classifcation\MRI_dataset\Tuberous Sclerosis\Tuberous_Sclerosis028.jpg,Tuberous Sclerosis
C:\Users\HishamMo\Desktop\999_cs\Quantum_Inpired_PSO_Classifcation\MRI_dataset\Tuberous Sclerosis\Tuberous_Sclerosis029.jpg,Tuberous Sclerosis
C:\Users\HishamMo\Desktop\999_cs\Quantum_Inpired_PSO_Classifcation\MRI_dataset\Tuberous Sclerosis\Tuberous_Sclerosis030.jpg,Tuberous Sclerosis
C:\Users\HishamMo\Desktop\999_cs\Quantum_Inpired_PSO_Classifcation\MRI_dataset\Tuberous Sclerosis\Tuberous_Sclerosis031.jpg,Tuberous Sclerosis
C:\Users\HishamMo\Desktop\999_cs\Quantum_Inpired_PSO_Classifcation\MRI_dataset\Tuberous Sclerosis\Tuberous_Sclerosis032.jpg,Tuberous Sclerosis
C:\Users\HishamMo\Desktop\999_cs\Quantum_Inpired_PSO_Classifcation\MRI_dataset\Tuberous Sclerosis\Tuberous_Sclerosis033.jpg,Tuberous Sclerosis
C:\Users\HishamMo\Desktop\999_cs\Quantum_Inpired_PSO_Classifcation\MRI_dataset\Tuberous Sclerosis\Tuberous_Sclerosis034.jpg,Tuberous Sclerosis
C:\Users\HishamMo\Desktop\999_cs\Quantum_Inpired_PSO_Classifcation\MRI_dataset\Tuberous Sclerosis\Tuberous_Sclerosis035.jpg,Tuberous Sclerosis
C:\Users\HishamMo\Desktop\999_cs\Quantum_Inpired_PSO_Classifcation\MRI_dataset\Tuberous Sclerosis\Tuberous_Sclerosis036.jpg,Tuberous Sclerosis
C:\Users\HishamMo\Desktop\999_cs\Quantum_Inpired_PSO_Classifcation\MRI_dataset\Tuberous Sclerosis\Tuberous_Sclerosis037.jpg,Tuberous Sclerosis
C:\Users\HishamMo\Desktop\999_cs\Quantum_Inpired_PSO_Classifcation\MRI_dataset\Tuberous Sclerosis\Tuberous_Sclerosis038.jpg,Tuberous Sclerosis
C:\Users\HishamMo\Desktop\999_cs\Quantum_Inpired_PSO_Classifcation\MRI_dataset\Tuberous Sclerosis\Tuberous_Sclerosis039.jpg,Tuberous Sclerosis
C:\Users\HishamMo\Desktop\999_cs\Quantum_Inpired_PSO_Classifcation\MRI_dataset\Tuberous Sclerosis\Tuberous_Sclerosis040.jpg,Tuberous Sclerosis
C:\Users\HishamMo\Desktop\999_cs\Quantum_Inpired_PSO_Classifcation\MRI_dataset\Tuberous Sclerosis\Tuberous_Sclerosis041.jpg,Tuberous Sclerosis
C:\Users\HishamMo\Desktop\999_cs\Quantum_Inpired_PSO_Classifcation\MRI_dataset\Tuberous Sclerosis\Tuberous_Sclerosis042.jpg,Tuberous Sclerosis
C:\Users\HishamMo\Desktop\999_cs\Quantum_Inpired_PSO_Classifcation\MRI_dataset\Tuberous Sclerosis\Tuberous_Sclerosis043.jpg,Tuberous Sclerosis
C:\Users\HishamMo\Desktop\999_cs\Quantum_Inpired_PSO_Classifcation\MRI_dataset\Tuberous Sclerosis\Tuberous_Sclerosis044.jpg,Tuberous Sclerosis
C:\Users\HishamMo\Desktop\999_cs\Quantum_Inpired_PSO_Classifcation\MRI_dataset\Tuberous Sclerosis\Tuberous_Sclerosis045.jpg,Tuberous Sclerosis
C:\Users\HishamMo\Desktop\999_cs\Quantum_Inpired_PSO_Classifcation\MRI_dataset\Tuberous Sclerosis\Tuberous_Sclerosis046.jpg,Tuberous Sclerosis
C:\Users\HishamMo\Desktop\999_cs\Quantum_Inpired_PSO_Classifcation\MRI_dataset\Tuberous Sclerosis\Tuberous_Sclerosis047.jpg,Tuberous Sclerosis
C:\Users\HishamMo\Desktop\999_cs\Quantum_Inpired_PSO_Classifcation\MRI_dataset\Tuberous Sclerosis\Tuberous_Sclerosis048.jpg,Tuberous Sclerosis
C:\Users\HishamMo\Desktop\999_cs\Quantum_Inpired_PSO_Classifcation\MRI_dataset\Tuberous Sclerosis\Tuberous_Sclerosis049.jpg,Tuberous Sclerosis
C:\Users\HishamMo\Desktop\999_cs\Quantum_Inpired_PSO_Classifcation\MRI_dataset\Tuberous Sclerosis\Tuberous_Sclerosis050.jpg,Tuberous Sclerosis
C:\Users\HishamMo\Desktop\999_cs\Quantum_Inpired_PSO_Classifcation\MRI_dataset\Tuberous Sclerosis\Tuberous_Sclerosis051.jpg,Tuberous Sclerosis
C:\Users\HishamMo\Desktop\999_cs\Quantum_Inpired_PSO_Classifcation\MRI_dataset\Tuberous Sclerosis\Tuberous_Sclerosis052.jpg,Tuberous Sclerosis
C:\Users\HishamMo\Desktop\999_cs\Quantum_Inpired_PSO_Classifcation\MRI_dataset\Tuberous Sclerosis\Tuberous_Sclerosis053.jpg,Tuberous Sclerosis
C:\Users\HishamMo\Desktop\999_cs\Quantum_Inpired_PSO_Classifcation\MRI_dataset\Tuberous Sclerosis\Tuberous_Sclerosis054.jpg,Tuberous Sclerosis
C:\Users\HishamMo\Desktop\999_cs\Quantum_Inpired_PSO_Classifcation\MRI_dataset\Tuberous Sclerosis\Tuberous_Sclerosis055.jpg,Tuberous Sclerosis
C:\Users\HishamMo\Desktop\999_cs\Quantum_Inpired_PSO_Classifcation\MRI_dataset\Tuberous Sclerosis\Tuberous_Sclerosis056.jpg,Tuberous Sclerosis
C:\Users\HishamMo\Desktop\999_cs\Quantum_Inpired_PSO_Classifcation\MRI_dataset\Tuberous Sclerosis\Tuberous_Sclerosis057.jpg,Tuberous Sclerosis
C:\Users\HishamMo\Desktop\999_cs\Quantum_Inpired_PSO_Classifcation\MRI_dataset\Tuberous Sclerosis\Tuberous_Sclerosis058.jpg,Tuberous Sclerosis
C:\Users\HishamMo\Desktop\999_cs\Quantum_Inpired_PSO_Classifcation\MRI_dataset\Tuberous Sclerosis\Tuberous_Sclerosis059.jpg,Tuberous Sclerosis
C:\Users\HishamMo\Desktop\999_cs\Quantum_Inpired_PSO_Classifcation\MRI_dataset\Tuberous Sclerosis\Tuberous_Sclerosis060.jpg,Tuberous Sclerosis
C:\Users\HishamMo\Desktop\999_cs\Quantum_Inpired_PSO_Classifcation\MRI_dataset\Tuberous Sclerosis\Tuberous_Sclerosis061.jpg,Tuberous Sclerosis
C:\Users\HishamMo\Desktop\999_cs\Quantum_Inpired_PSO_Classifcation\MRI_dataset\Tuberous Sclerosis\Tuberous_Sclerosis062.jpg,Tuberous Sclerosis
C:\Users\HishamMo\Desktop\999_cs\Quantum_Inpired_PSO_Classifcation\MRI_dataset\Tuberous Sclerosis\Tuberous_Sclerosis063.jpg,Tuberous Sclerosis
C:\Users\HishamMo\Desktop\999_cs\Quantum_Inpired_PSO_Classifcation\MRI_dataset\Tuberous Sclerosis\Tuberous_Sclerosis064.jpg,Tuberous Sclerosis
C:\Users\HishamMo\Desktop\999_cs\Quantum_Inpired_PSO_Classifcation\MRI_dataset\Tuberous Sclerosis\Tuberous_Sclerosis065.jpg,Tuberous Sclerosis
C:\Users\HishamMo\Desktop\999_cs\Quantum_Inpired_PSO_Classifcation\MRI_dataset\Tuberous Sclerosis\Tuberous_Sclerosis066.jpg,Tuberous Sclerosis
C:\Users\HishamMo\Desktop\999_cs\Quantum_Inpired_PSO_Classifcation\MRI_dataset\Tuberous Sclerosis\Tuberous_Sclerosis067.jpg,Tuberous Sclerosis
C:\Users\HishamMo\Desktop\999_cs\Quantum_Inpired_PSO_Classifcation\MRI_dataset\Tuberous Sclerosis\Tuberous_Sclerosis068.jpg,Tuberous Sclerosis
C:\Users\HishamMo\Desktop\999_cs\Quantum_Inpired_PSO_Classifcation\MRI_dataset\Tuberous Sclerosis\Tuberous_Sclerosis069.jpg,Tuberous Sclerosis
C:\Users\HishamMo\Desktop\999_cs\Quantum_Inpired_PSO_Classifcation\MRI_dataset\Tuberous Sclerosis\Tuberous_Sclerosis070.jpg,Tuberous Sclerosis
C:\Users\HishamMo\Desktop\999_cs\Quantum_Inpired_PSO_Classifcation\MRI_dataset\Tuberous Sclerosis\Tuberous_Sclerosis071.jpg,Tuberous Sclerosis
C:\Users\HishamMo\Desktop\999_cs\Quantum_Inpired_PSO_Classifcation\MRI_dataset\Tuberous Sclerosis\Tuberous_Sclerosis072.jpg,Tuberous Sclerosis
C:\Users\HishamMo\Desktop\999_cs\Quantum_Inpired_PSO_Classifcation\MRI_dataset\Tuberous Sclerosis\Tuberous_Sclerosis073.jpg,Tuberous Sclerosis
C:\Users\HishamMo\Desktop\999_cs\Quantum_Inpired_PSO_Classifcation\MRI_dataset\Tuberous Sclerosis\Tuberous_Sclerosis074.jpg,Tuberous Sclerosis
C:\Users\HishamMo\Desktop\999_cs\Quantum_Inpired_PSO_Classifcation\MRI_dataset\Tuberous Sclerosis\Tuberous_Sclerosis075.jpg,Tuberous Sclerosis
C:\Users\HishamMo\Desktop\999_cs\Quantum_Inpired_PSO_Classifcation\MRI_dataset\Tuberous Sclerosis\Tuberous_Sclerosis076.jpg,Tuberous Sclerosis
C:\Users\HishamMo\Desktop\999_cs\Quantum_Inpired_PSO_Classifcation\MRI_dataset\Tuberous Sclerosis\Tuberous_Sclerosis077.jpg,Tuberous Sclerosis
C:\Users\HishamMo\Desktop\999_cs\Quantum_Inpired_PSO_Classifcation\MRI_dataset\Tuberous Sclerosis\Tuberous_Sclerosis078.jpg,Tuberous Sclerosis
C:\Users\HishamMo\Desktop\999_cs\Quantum_Inpired_PSO_Classifcation\MRI_dataset\Tuberous Sclerosis\Tuberous_Sclerosis079.jpg,Tuberous Sclerosis
C:\Users\HishamMo\Desktop\999_cs\Quantum_Inpired_PSO_Classifcation\MRI_dataset\Tuberous Sclerosis\Tuberous_Sclerosis080.jpg,Tuberous Sclerosis
C:\Users\HishamMo\Desktop\999_cs\Quantum_Inpired_PSO_Classifcation\MRI_dataset\Tuberous Sclerosis\Tuberous_Sclerosis081.jpg,Tuberous Sclerosis
C:\Users\HishamMo\Desktop\999_cs\Quantum_Inpired_PSO_Classifcation\MRI_dataset\Tuberous Sclerosis\Tuberous_Sclerosis082.jpg,Tuberous Sclerosis
C:\Users\HishamMo\Desktop\999_cs\Quantum_Inpired_PSO_Classifcation\MRI_dataset\Tuberous Sclerosis\Tuberous_Sclerosis083.jpg,Tuberous Sclerosis
C:\Users\HishamMo\Desktop\999_cs\Quantum_Inpired_PSO_Classifcation\MRI_dataset\Tuberous Sclerosis\Tuberous_Sclerosis084.jpg,Tuberous Sclerosis
C:\Users\HishamMo\Desktop\999_cs\Quantum_Inpired_PSO_Classifcation\MRI_dataset\Tuberous Sclerosis\Tuberous_Sclerosis085.jpg,Tuberous Sclerosis
C:\Users\HishamMo\Desktop\999_cs\Quantum_Inpired_PSO_Classifcation\MRI_dataset\Tuberous Sclerosis\Tuberous_Sclerosis086.jpg,Tuberous Sclerosis
C:\Users\HishamMo\Desktop\999_cs\Quantum_Inpired_PSO_Classifcation\MRI_dataset\Tuberous Sclerosis\Tuberous_Sclerosis087.jpg,Tuberous Sclerosis
C:\Users\HishamMo\Desktop\999_cs\Quantum_Inpired_PSO_Classifcation\MRI_dataset\Tuberous Sclerosis\Tuberous_Sclerosis088.jpg,Tuberous Sclerosis
C:\Users\HishamMo\Desktop\999_cs\Quantum_Inpired_PSO_Classifcation\MRI_dataset\Tuberous Sclerosis\Tuberous_Sclerosis089.jpg,Tuberous Sclerosis
C:\Users\HishamMo\Desktop\999_cs\Quantum_Inpired_PSO_Classifcation\MRI_dataset\Tuberous Sclerosis\Tuberous_Sclerosis090.jpg,Tuberous Sclerosis
C:\Users\HishamMo\Desktop\999_cs\Quantum_Inpired_PSO_Classifcation\MRI_dataset\Tuberous Sclerosis\Tuberous_Sclerosis091.jpg,Tuberous Sclerosis
C:\Users\HishamMo\Desktop\999_cs\Quantum_Inpired_PSO_Classifcation\MRI_dataset\Tuberous Sclerosis\Tuberous_Sclerosis092.jpg,Tuberous Sclerosis
C:\Users\HishamMo\Desktop\999_cs\Quantum_Inpired_PSO_Classifcation\MRI_dataset\Tuberous Sclerosis\Tuberous_Sclerosis093.jpg,Tuberous Sclerosis
C:\Users\HishamMo\Desktop\999_cs\Quantum_Inpired_PSO_Classifcation\MRI_dataset\Tuberous Sclerosis\Tuberous_Sclerosis094.jpg,Tuberous Sclerosis
C:\Users\HishamMo\Desktop\999_cs\Quantum_Inpired_PSO_Classifcation\MRI_dataset\Tuberous Sclerosis\Tuberous_Sclerosis095.jpg,Tuberous Sclerosis
C:\Users\HishamMo\Desktop\999_cs\Quantum_Inpired_PSO_Classifcation\MRI_dataset\Tuberous Sclerosis\Tuberous_Sclerosis096.jpg,Tuberous Sclerosis
C:\Users\HishamMo\Desktop\999_cs\Quantum_Inpired_PSO_Classifcation\MRI_dataset\Tuberous Sclerosis\Tuberous_Sclerosis097.jpg,Tuberous Sclerosis
C:\Users\HishamMo\Desktop\999_cs\Quantum_Inpired_PSO_Classifcation\MRI_dataset\Tuberous Sclerosis\Tuberous_Sclerosis098.jpg,Tuberous Sclerosis
C:\Users\HishamMo\Desktop\999_cs\Quantum_Inpired_PSO_Classifcation\MRI_dataset\Tuberous Sclerosis\Tuberous_Sclerosis099.jpg,Tuberous Sclerosis
C:\Users\HishamMo\Desktop\999_cs\Quantum_Inpired_PSO_Classifcation\MRI_dataset\Tuberous Sclerosis\Tuberous_Sclerosis100.jpg,Tuberous Sclerosis
C:\Users\HishamMo\Desktop\999_cs\Quantum_Inpired_PSO_Classifcation\MRI_dataset\Tuberous Sclerosis\Tuberous_Sclerosis101.jpg,Tuberous Sclerosis
C:\Users\HishamMo\Desktop\999_cs\Quantum_Inpired_PSO_Classifcation\MRI_dataset\Tuberous Sclerosis\Tuberous_Sclerosis102.jpg,Tuberous Sclerosis
C:\Users\HishamMo\Desktop\999_cs\Quantum_Inpired_PSO_Classifcation\MRI_dataset\Tuberous Sclerosis\Tuberous_Sclerosis103.jpg,Tuberous Sclerosis
C:\Users\HishamMo\Desktop\999_cs\Quantum_Inpired_PSO_Classifcation\MRI_dataset\Tuberous Sclerosis\Tuberous_Sclerosis104.jpg,Tuberous Sclerosis
C:\Users\HishamMo\Desktop\999_cs\Quantum_Inpired_PSO_Classifcation\MRI_dataset\Tuberous Sclerosis\Tuberous_Sclerosis105.jpg,Tuberous Sclerosis
C:\Users\HishamMo\Desktop\999_cs\Quantum_Inpired_PSO_Classifcation\MRI_dataset\Tuberous Sclerosis\Tuberous_Sclerosis106.jpg,Tuberous Sclerosis
C:\Users\HishamMo\Desktop\999_cs\Quantum_Inpired_PSO_Classifcation\MRI_dataset\Tuberous Sclerosis\Tuberous_Sclerosis107.jpg,Tuberous Sclerosis
C:\Users\HishamMo\Desktop\999_cs\Quantum_Inpired_PSO_Classifcation\MRI_dataset\Tuberous Sclerosis\Tuberous_Sclerosis108.jpg,Tuberous Sclerosis
C:\Users\HishamMo\Desktop\999_cs\Quantum_Inpired_PSO_Classifcation\MRI_dataset\Tuberous Sclerosis\Tuberous_Sclerosis109.jpg,Tuberous Sclerosis
C:\Users\HishamMo\Desktop\999_cs\Quantum_Inpired_PSO_Classifcation\MRI_dataset\Tuberous Sclerosis\Tuberous_Sclerosis110.jpg,Tuberous Sclerosis
C:\Users\HishamMo\Desktop\999_cs\Quantum_Inpired_PSO_Classifcation\MRI_dataset\Tuberous Sclerosis\Tuberous_Sclerosis111.jpg,Tuberous Sclerosis
C:\Users\HishamMo\Desktop\999_cs\Quantum_Inpired_PSO_Classifcation\MRI_dataset\Tuberous Sclerosis\Tuberous_Sclerosis112.jpg,Tuberous Sclerosis
C:\Users\HishamMo\Desktop\999_cs\Quantum_Inpired_PSO_Classifcation\MRI_dataset\Tuberous Sclerosis\Tuberous_Sclerosis113.jpg,Tuberous Sclerosis
C:\Users\HishamMo\Desktop\999_cs\Quantum_Inpired_PSO_Classifcation\MRI_dataset\Tuberous Sclerosis\Tuberous_Sclerosis114.jpg,Tuberous Sclerosis
C:\Users\HishamMo\Desktop\999_cs\Quantum_Inpired_PSO_Classifcation\MRI_dataset\Tuberous Sclerosis\Tuberous_Sclerosis115.jpg,Tuberous Sclerosis
C:\Users\HishamMo\Desktop\999_cs\Quantum_Inpired_PSO_Classifcation\MRI_dataset\Tuberous Sclerosis\Tuberous_Sclerosis116.jpg,Tuberous Sclerosis
C:\Users\HishamMo\Desktop\999_cs\Quantum_Inpired_PSO_Classifcation\MRI_dataset\Tuberous Sclerosis\Tuberous_Sclerosis117.jpg,Tuberous Sclerosis
C:\Users\HishamMo\Desktop\999_cs\Quantum_Inpired_PSO_Classifcation\MRI_dataset\Tuberous Sclerosis\Tuberous_Sclerosis118.jpg,Tuberous Sclerosis
C:\Users\HishamMo\Desktop\999_cs\Quantum_Inpired_PSO_Classifcation\MRI_dataset\Tuberous Sclerosis\Tuberous_Sclerosis119.jpg,Tuberous Sclerosis
C:\Users\HishamMo\Desktop\999_cs\Quantum_Inpired_PSO_Classifcation\MRI_dataset\Tuberous Sclerosis\Tuberous_Sclerosis120.jpg,Tuberous Sclerosis
C:\Users\HishamMo\Desktop\999_cs\Quantum_Inpired_PSO_Classifcation\MRI_dataset\Tuberous Sclerosis\Tuberous_Sclerosis121.jpg,Tuberous Sclerosis
C:\Users\HishamMo\Desktop\999_cs\Quantum_Inpired_PSO_Classifcation\MRI_dataset\Tuberous Sclerosis\Tuberous_Sclerosis122.jpg,Tuberous Sclerosis
C:\Users\HishamMo\Desktop\999_cs\Quantum_Inpired_PSO_Classifcation\MRI_dataset\Tuberous Sclerosis\Tuberous_Sclerosis123.jpg,Tuberous Sclerosis
C:\Users\HishamMo\Desktop\999_cs\Quantum_Inpired_PSO_Classifcation\MRI_dataset\Tuberous Sclerosis\Tuberous_Sclerosis124.jpg,Tuberous Sclerosis
C:\Users\HishamMo\Desktop\999_cs\Quantum_Inpired_PSO_Classifcation\MRI_dataset\Tuberous Sclerosis\Tuberous_Sclerosis125.jpg,Tuberous Sclerosis
C:\Users\HishamMo\Desktop\999_cs\Quantum_Inpired_PSO_Classifcation\MRI_dataset\Tuberous Sclerosis\Tuberous_Sclerosis126.jpg,Tuberous Sclerosis
C:\Users\HishamMo\Desktop\999_cs\Quantum_Inpired_PSO_Classifcation\MRI_dataset\Tuberous Sclerosis\Tuberous_Sclerosis127.jpg,Tuberous Sclerosis
C:\Users\HishamMo\Desktop\999_cs\Quantum_Inpired_PSO_Classifcation\MRI_dataset\Tuberous Sclerosis\Tuberous_Sclerosis128.jpg,Tuberous Sclerosis
C:\Users\HishamMo\Desktop\999_cs\Quantum_Inpired_PSO_Classifcation\MRI_dataset\Tuberous Sclerosis\Tuberous_Sclerosis129.jpg,Tuberous Sclerosis
C:\Users\HishamMo\Desktop\999_cs\Quantum_Inpired_PSO_Classifcation\MRI_dataset\Tuberous Sclerosis\Tuberous_Sclerosis130.jpg,Tuberous Sclerosis
C:\Users\HishamMo\Desktop\999_cs\Quantum_Inpired_PSO_Classifcation\MRI_dataset\Tuberous Sclerosis\Tuberous_Sclerosis131.jpg,Tuberous Sclerosis
C:\Users\HishamMo\Desktop\999_cs\Quantum_Inpired_PSO_Classifcation\MRI_dataset\Tuberous Sclerosis\Tuberous_Sclerosis132.jpg,Tuberous Sclerosis
C:\Users\HishamMo\Desktop\999_cs\Quantum_Inpired_PSO_Classifcation\MRI_dataset\Tuberous Sclerosis\Tuberous_Sclerosis133.jpg,Tuberous Sclerosis
C:\Users\HishamMo\Desktop\999_cs\Quantum_Inpired_PSO_Classifcation\MRI_dataset\Tuberous Sclerosis\Tuberous_Sclerosis134.jpg,Tuberous Sclerosis
C:\Users\HishamMo\Desktop\999_cs\Quantum_Inpired_PSO_Classifcation\MRI_dataset\Tuberous Sclerosis\Tuberous_Sclerosis135.jpg,Tuberous Sclerosis
C:\Users\HishamMo\Desktop\999_cs\Quantum_Inpired_PSO_Classifcation\MRI_dataset\Tuberous Sclerosis\Tuberous_Sclerosis136.jpg,Tuberous Sclerosis
C:\Users\HishamMo\Desktop\999_cs\Quantum_Inpired_PSO_Classifcation\MRI_dataset\Tuberous Sclerosis\Tuberous_Sclerosis137.jpg,Tuberous Sclerosis
C:\Users\HishamMo\Desktop\999_cs\Quantum_Inpired_PSO_Classifcation\MRI_dataset\Tuberous Sclerosis\Tuberous_Sclerosis138.jpg,Tuberous Sclerosis
C:\Users\HishamMo\Desktop\999_cs\Quantum_Inpired_PSO_Classifcation\MRI_dataset\Tuberous Sclerosis\Tuberous_Sclerosis139.jpg,Tuberous Sclerosis
C:\Users\HishamMo\Desktop\999_cs\Quantum_Inpired_PSO_Classifcation\MRI_dataset\Tuberous Sclerosis\Tuberous_Sclerosis140.jpg,Tuberous Sclerosis
C:\Users\HishamMo\Desktop\999_cs\Quantum_Inpired_PSO_Classifcation\MRI_dataset\Tuberous Sclerosis\Tuberous_Sclerosis141.jpg,Tuberous Sclerosis
C:\Users\HishamMo\Desktop\999_cs\Quantum_Inpired_PSO_Classifcation\MRI_dataset\Tuberous Sclerosis\Tuberous_Sclerosis142.jpg,Tuberous Sclerosis
C:\Users\HishamMo\Desktop\999_cs\Quantum_Inpired_PSO_Classifcation\MRI_dataset\Tuberous Sclerosis\Tuberous_Sclerosis143.jpg,Tuberous Sclerosis
C:\Users\HishamMo\Desktop\999_cs\Quantum_Inpired_PSO_Classifcation\MRI_dataset\Tuberous Sclerosis\Tuberous_Sclerosis144.jpg,Tuberous Sclerosis
C:\Users\HishamMo\Desktop\999_cs\Quantum_Inpired_PSO_Classifcation\MRI_dataset\Tuberous Sclerosis\Tuberous_Sclerosis145.jpg,Tuberous Sclerosis
C:\Users\HishamMo\Desktop\999_cs\Quantum_Inpired_PSO_Classifcation\MRI_dataset\Tuberous Sclerosis\Tuberous_Sclerosis146.jpg,Tuberous Sclerosis
C:\Users\HishamMo\Desktop\999_cs\Quantum_Inpired_PSO_Classifcation\MRI_dataset\Tuberous Sclerosis\Tuberous_Sclerosis147.jpg,Tuberous Sclerosis
C:\Users\HishamMo\Desktop\999_cs\Quantum_Inpired_PSO_Classifcation\MRI_dataset\Tuberous Sclerosis\Tuberous_Sclerosis148.jpg,Tuberous Sclerosis
C:\Users\HishamMo\Desktop\999_cs\Quantum_Inpired_PSO_Classifcation\MRI_dataset\Tuberous Sclerosis\Tuberous_Sclerosis149.jpg,Tuberous Sclerosis
C:\Users\HishamMo\Desktop\999_cs\Quantum_Inpired_PSO_Classifcation\MRI_dataset\Tuberous Sclerosis\Tuberous_Sclerosis150.jpg,Tuberous Sclerosis
C:\Users\HishamMo\Desktop\999_cs\Quantum_Inpired_PSO_Classifcation\MRI_dataset\Tuberous Sclerosis\Tuberous_Sclerosis151.jpg,Tuberous Sclerosis
C:\Users\HishamMo\Desktop\999_cs\Quantum_Inpired_PSO_Classifcation\MRI_dataset\Tuberous Sclerosis\Tuberous_Sclerosis152.jpg,Tuberous Sclerosis
C:\Users\HishamMo\Desktop\999_cs\Quantum_Inpired_PSO_Classifcation\MRI_dataset\Tuberous Sclerosis\Tuberous_Sclerosis153.jpg,Tuberous Sclerosis
C:\Users\HishamMo\Desktop\999_cs\Quantum_Inpired_PSO_Classifcation\MRI_dataset\Tuberous Sclerosis\Tuberous_Sclerosis154.jpg,Tuberous Sclerosis
C:\Users\HishamMo\Desktop\999_cs\Quantum_Inpired_PSO_Classifcation\MRI_dataset\Tuberous Sclerosis\Tuberous_Sclerosis155.jpg,Tuberous Sclerosis
C:\Users\HishamMo\Desktop\999_cs\Quantum_Inpired_PSO_Classifcation\MRI_dataset\Tuberous Sclerosis\Tuberous_Sclerosis156.jpg,Tuberous Sclerosis
C:\Users\HishamMo\Desktop\999_cs\Quantum_Inpired_PSO_Classifcation\MRI_dataset\Tuberous Sclerosis\Tuberous_Sclerosis157.jpg,Tuberous Sclerosis
C:\Users\HishamMo\Desktop\999_cs\Quantum_Inpired_PSO_Classifcation\MRI_dataset\Tuberous Sclerosis\Tuberous_Sclerosis158.jpg,Tuberous Sclerosis
C:\Users\HishamMo\Desktop\999_cs\Quantum_Inpired_PSO_Classifcation\MRI_dataset\Tuberous Sclerosis\Tuberous_Sclerosis159.jpg,Tuberous Sclerosis
C:\Users\HishamMo\Desktop\999_cs\Quantum_Inpired_PSO_Classifcation\MRI_dataset\Tuberous Sclerosis\Tuberous_Sclerosis160.jpg,Tuberous Sclerosis
C:\Users\HishamMo\Desktop\999_cs\Quantum_Inpired_PSO_Classifcation\MRI_dataset\Tuberous Sclerosis\Tuberous_Sclerosis161.jpg,Tuberous Sclerosis
C:\Users\HishamMo\Desktop\999_cs\Quantum_Inpired_PSO_Classifcation\MRI_dataset\Tuberous Sclerosis\Tuberous_Sclerosis162.jpg,Tuberous Sclerosis
C:\Users\HishamMo\Desktop\999_cs\Quantum_Inpired_PSO_Classifcation\MRI_dataset\Tuberous Sclerosis\Tuberous_Sclerosis163.jpg,Tuberous Sclerosis
C:\Users\HishamMo\Desktop\999_cs\Quantum_Inpired_PSO_Classifcation\MRI_dataset\Tuberous Sclerosis\Tuberous_Sclerosis164.jpg,Tuberous Sclerosis
C:\Users\HishamMo\Desktop\999_cs\Quantum_Inpired_PSO_Classifcation\MRI_dataset\Tuberous Sclerosis\Tuberous_Sclerosis165.jpg,Tuberous Sclerosis
C:\Users\HishamMo\Desktop\999_cs\Quantum_Inpired_PSO_Classifcation\MRI_dataset\Tuberous Sclerosis\Tuberous_Sclerosis166.jpg,Tuberous Sclerosis
C:\Users\HishamMo\Desktop\999_cs\Quantum_Inpired_PSO_Classifcation\MRI_dataset\Tuberous Sclerosis\Tuberous_Sclerosis167.jpg,Tuberous Sclerosis
C:\Users\HishamMo\Desktop\999_cs\Quantum_Inpired_PSO_Classifcation\MRI_dataset\Tuberous Sclerosis\Tuberous_Sclerosis168.jpg,Tuberous Sclerosis
C:\Users\HishamMo\Desktop\999_cs\Quantum_Inpired_PSO_Classifcation\MRI_dataset\Tuberous Sclerosis\Tuberous_Sclerosis169.jpg,Tuberous Sclerosis
C:\Users\HishamMo\Desktop\999_cs\Quantum_Inpired_PSO_Classifcation\MRI_dataset\Tuberous Sclerosis\Tuberous_Sclerosis170.jpg,Tuberous Sclerosis
C:\Users\HishamMo\Desktop\999_cs\Quantum_Inpired_PSO_Classifcation\MRI_dataset\Tuberous Sclerosis\Tuberous_Sclerosis171.jpg,Tuberous Sclerosis
C:\Users\HishamMo\Desktop\999_cs\Quantum_Inpired_PSO_Classifcation\MRI_dataset\Tuberous Sclerosis\Tuberous_Sclerosis172.jpg,Tuberous Sclerosis
C:\Users\HishamMo\Desktop\999_cs\Quantum_Inpired_PSO_Classifcation\MRI_dataset\Tuberous Sclerosis\Tuberous_Sclerosis173.jpg,Tuberous Sclerosis
C:\Users\HishamMo\Desktop\999_cs\Quantum_Inpired_PSO_Classifcation\MRI_dataset\Tuberous Sclerosis\Tuberous_Sclerosis174.jpg,Tuberous Sclerosis
C:\Users\HishamMo\Desktop\999_cs\Quantum_Inpired_PSO_Classifcation\MRI_dataset\Tuberous Sclerosis\Tuberous_Sclerosis175.jpg,Tuberous Sclerosis
C:\Users\HishamMo\Desktop\999_cs\Quantum_Inpired_PSO_Classifcation\MRI_dataset\Tuberous Sclerosis\Tuberous_Sclerosis176.jpg,Tuberous Sclerosis
C:\Users\HishamMo\Desktop\999_cs\Quantum_Inpired_PSO_Classifcation\MRI_dataset\Tuberous Sclerosis\Tuberous_Sclerosis177.jpg,Tuberous Sclerosis
C:\Users\HishamMo\Desktop\999_cs\Quantum_Inpired_PSO_Classifcation\MRI_dataset\Tuberous Sclerosis\Tuberous_Sclerosis178.jpg,Tuberous Sclerosis
C:\Users\HishamMo\Desktop\999_cs\Quantum_Inpired_PSO_Classifcation\MRI_dataset\Tuberous Sclerosis\Tuberous_Sclerosis179.jpg,Tuberous Sclerosis
C:\Users\HishamMo\Desktop\999_cs\Quantum_Inpired_PSO_Classifcation\MRI_dataset\Tuberous Sclerosis\Tuberous_Sclerosis180.jpg,Tuberous Sclerosis
C:\Users\HishamMo\Desktop\999_cs\Quantum_Inpired_PSO_Classifcation\MRI_dataset\Tuberous Sclerosis\Tuberous_Sclerosis181.jpg,Tuberous Sclerosis
C:\Users\HishamMo\Desktop\999_cs\Quantum_Inpired_PSO_Classifcation\MRI_dataset\Tuberous Sclerosis\Tuberous_Sclerosis182.jpg,Tuberous Sclerosis
C:\Users\HishamMo\Desktop\999_cs\Quantum_Inpired_PSO_Classifcation\MRI_dataset\Tuberous Sclerosis\Tuberous_Sclerosis183.jpg,Tuberous Sclerosis
C:\Users\HishamMo\Desktop\999_cs\Quantum_Inpired_PSO_Classifcation\MRI_dataset\Tuberous Sclerosis\Tuberous_Sclerosis184.jpg,Tuberous Sclerosis
C:\Users\HishamMo\Desktop\999_cs\Quantum_Inpired_PSO_Classifcation\MRI_dataset\Tuberous Sclerosis\Tuberous_Sclerosis185.jpg,Tuberous Sclerosis
C:\Users\HishamMo\Desktop\999_cs\Quantum_Inpired_PSO_Classifcation\MRI_dataset\Tuberous Sclerosis\Tuberous_Sclerosis186.jpg,Tuberous Sclerosis
C:\Users\HishamMo\Desktop\999_cs\Quantum_Inpired_PSO_Classifcation\MRI_dataset\Tuberous Sclerosis\Tuberous_Sclerosis187.jpg,Tuberous Sclerosis
C:\Users\HishamMo\Desktop\999_cs\Quantum_Inpired_PSO_Classifcation\MRI_dataset\Tuberous Sclerosis\Tuberous_Sclerosis188.jpg,Tuberous Sclerosis
C:\Users\HishamMo\Desktop\999_cs\Quantum_Inpired_PSO_Classifcation\MRI_dataset\Tuberous Sclerosis\Tuberous_Sclerosis189.jpg,Tuberous Sclerosis
C:\Users\HishamMo\Desktop\999_cs\Quantum_Inpired_PSO_Classifcation\MRI_dataset\Tuberous Sclerosis\Tuberous_Sclerosis190.jpg,Tuberous Sclerosis
C:\Users\HishamMo\Desktop\999_cs\Quantum_Inpired_PSO_Classifcation\MRI_dataset\Tuberous Sclerosis\Tuberous_Sclerosis191.jpg,Tuberous Sclerosis
C:\Users\HishamMo\Desktop\999_cs\Quantum_Inpired_PSO_Classifcation\MRI_dataset\Tuberous Sclerosis\Tuberous_Sclerosis192.jpg,Tuberous Sclerosis
C:\Users\HishamMo\Desktop\999_cs\Quantum_Inpired_PSO_Classifcation\MRI_dataset\Tuberous Sclerosis\Tuberous_Sclerosis193.jpg,Tuberous Sclerosis
C:\Users\HishamMo\Desktop\999_cs\Quantum_Inpired_PSO_Classifcation\MRI_dataset\Tuberous Sclerosis\Tuberous_Sclerosis194.jpg,Tuberous Sclerosis
C:\Users\HishamMo\Desktop\999_cs\Quantum_Inpired_PSO_Classifcation\MRI_dataset\Tuberous Sclerosis\Tuberous_Sclerosis195.jpg,Tuberous Sclerosis
C:\Users\HishamMo\Desktop\999_cs\Quantum_Inpired_PSO_Classifcation\MRI_dataset\Tuberous Sclerosis\Tuberous_Sclerosis196.jpg,Tuberous Sclerosis
C:\Users\HishamMo\Desktop\999_cs\Quantum_Inpired_PSO_Classifcation\MRI_dataset\Tuberous Sclerosis\Tuberous_Sclerosis197.jpg,Tuberous Sclerosis
C:\Users\HishamMo\Desktop\999_cs\Quantum_Inpired_PSO_Classifcation\MRI_dataset\Tuberous Sclerosis\Tuberous_Sclerosis198.jpg,Tuberous Sclerosis
C:\Users\HishamMo\Desktop\999_cs\Quantum_Inpired_PSO_Classifcation\MRI_dataset\Tuberous Sclerosis\Tuberous_Sclerosis199.jpg,Tuberous Sclerosis
C:\Users\HishamMo\Desktop\999_cs\Quantum_Inpired_PSO_Classifcation\MRI_dataset\Tuberous Sclerosis\Tuberous_Sclerosis200.jpg,Tuberous Sclerosis
C:\Users\HishamMo\Desktop\999_cs\Quantum_Inpired_PSO_Classifcation\MRI_dataset\Tuberous Sclerosis\Tuberous_Sclerosis201.jpg,Tuberous Sclerosis
C:\Users\HishamMo\Desktop\999_cs\Quantum_Inpired_PSO_Classifcation\MRI_dataset\Tuberous Sclerosis\Tuberous_Sclerosis202.jpg,Tuberous Sclerosis
C:\Users\HishamMo\Desktop\999_cs\Quantum_Inpired_PSO_Classifcation\MRI_dataset\Tuberous Sclerosis\Tuberous_Sclerosis203.jpg,Tuberous Sclerosis
C:\Users\HishamMo\Desktop\999_cs\Quantum_Inpired_PSO_Classifcation\MRI_dataset\Tuberous Sclerosis\Tuberous_Sclerosis204.jpg,Tuberous Sclerosis
C:\Users\HishamMo\Desktop\999_cs\Quantum_Inpired_PSO_Classifcation\MRI_dataset\Tuberous Sclerosis\Tuberous_Sclerosis205.jpg,Tuberous Sclerosis
C:\Users\HishamMo\Desktop\999_cs\Quantum_Inpired_PSO_Classifcation\MRI_dataset\Tuberous Sclerosis\Tuberous_Sclerosis206.jpg,Tuberous Sclerosis
C:\Users\HishamMo\Desktop\999_cs\Quantum_Inpired_PSO_Classifcation\MRI_dataset\Tuberous Sclerosis\Tuberous_Sclerosis207.jpg,Tuberous Sclerosis
C:\Users\HishamMo\Desktop\999_cs\Quantum_Inpired_PSO_Classifcation\MRI_dataset\Tuberous Sclerosis\Tuberous_Sclerosis208.jpg,Tuberous Sclerosis
C:\Users\HishamMo\Desktop\999_cs\Quantum_Inpired_PSO_Classifcation\MRI_dataset\Tuberous Sclerosis\Tuberous_Sclerosis209.jpg,Tuberous Sclerosis
C:\Users\HishamMo\Desktop\999_cs\Quantum_Inpired_PSO_Classifcation\MRI_dataset\Tuberous Sclerosis\Tuberous_Sclerosis210.jpg,Tuberous Sclerosis
C:\Users\HishamMo\Desktop\999_cs\Quantum_Inpired_PSO_Classifcation\MRI_dataset\Tuberous Sclerosis\Tuberous_Sclerosis211.jpg,Tuberous Sclerosis
C:\Users\HishamMo\Desktop\999_cs\Quantum_Inpired_PSO_Classifcation\MRI_dataset\Tuberous Sclerosis\Tuberous_Sclerosis212.jpg,Tuberous Sclerosis
C:\Users\HishamMo\Desktop\999_cs\Quantum_Inpired_PSO_Classifcation\MRI_dataset\Tuberous Sclerosis\Tuberous_Sclerosis213.jpg,Tuberous Sclerosis
C:\Users\HishamMo\Desktop\999_cs\Quantum_Inpired_PSO_Classifcation\MRI_dataset\Tuberous Sclerosis\Tuberous_Sclerosis214.jpg,Tuberous Sclerosis
C:\Users\HishamMo\Desktop\999_cs\Quantum_Inpired_PSO_Classifcation\MRI_dataset\Tuberous Sclerosis\Tuberous_Sclerosis215.jpg,Tuberous Sclerosis
C:\Users\HishamMo\Desktop\999_cs\Quantum_Inpired_PSO_Classifcation\MRI_dataset\Tuberous Sclerosis\Tuberous_Sclerosis216.jpg,Tuberous Sclerosis
C:\Users\HishamMo\Desktop\999_cs\Quantum_Inpired_PSO_Classifcation\MRI_dataset\Tuberous Sclerosis\Tuberous_Sclerosis217.jpg,Tuberous Sclerosis
C:\Users\HishamMo\Desktop\999_cs\Quantum_Inpired_PSO_Classifcation\MRI_dataset\Tuberous Sclerosis\Tuberous_Sclerosis218.jpg,Tuberous Sclerosis
C:\Users\HishamMo\Desktop\999_cs\Quantum_Inpired_PSO_Classifcation\MRI_dataset\Tuberous Sclerosis\Tuberous_Sclerosis219.jpg,Tuberous Sclerosis
C:\Users\HishamMo\Desktop\999_cs\Quantum_Inpired_PSO_Classifcation\MRI_dataset\Tuberous Sclerosis\Tuberous_Sclerosis220.jpg,Tuberous Sclerosis
C:\Users\HishamMo\Desktop\999_cs\Quantum_Inpired_PSO_Classifcation\MRI_dataset\Tuberous Sclerosis\Tuberous_Sclerosis221.jpg,Tuberous Sclerosis
C:\Users\HishamMo\Desktop\999_cs\Quantum_Inpired_PSO_Classifcation\MRI_dataset\Tuberous Sclerosis\Tuberous_Sclerosis222.jpg,Tuberous Sclerosis
C:\Users\HishamMo\Desktop\999_cs\Quantum_Inpired_PSO_Classifcation\MRI_dataset\Tuberous Sclerosis\Tuberous_Sclerosis223.jpg,Tuberous Sclerosis
C:\Users\HishamMo\Desktop\999_cs\Quantum_Inpired_PSO_Classifcation\MRI_dataset\Tuberous Sclerosis\Tuberous_Sclerosis224.jpg,Tuberous Sclerosis
C:\Users\HishamMo\Desktop\999_cs\Quantum_Inpired_PSO_Classifcation\MRI_dataset\Tuberous Sclerosis\Tuberous_Sclerosis225.jpg,Tuberous Sclerosis
C:\Users\HishamMo\Desktop\999_cs\Quantum_Inpired_PSO_Classifcation\MRI_dataset\Tuberous Sclerosis\Tuberous_Sclerosis226.jpg,Tuberous Sclerosis
C:\Users\HishamMo\Desktop\999_cs\Quantum_Inpired_PSO_Classifcation\MRI_dataset\Tuberous Sclerosis\Tuberous_Sclerosis227.jpg,Tuberous Sclerosis
C:\Users\HishamMo\Desktop\999_cs\Quantum_Inpired_PSO_Classifcation\MRI_dataset\Tuberous Sclerosis\Tuberous_Sclerosis228.jpg,Tuberous Sclerosis
C:\Users\HishamMo\Desktop\999_cs\Quantum_Inpired_PSO_Classifcation\MRI_dataset\Tuberous Sclerosis\Tuberous_Sclerosis229.jpg,Tuberous Sclerosis
C:\Users\HishamMo\Desktop\999_cs\Quantum_Inpired_PSO_Classifcation\MRI_dataset\Tuberous Sclerosis\Tuberous_Sclerosis230.jpg,Tuberous Sclerosis
C:\Users\HishamMo\Desktop\999_cs\Quantum_Inpired_PSO_Classifcation\MRI_dataset\Tuberous Sclerosis\Tuberous_Sclerosis231.jpg,Tuberous Sclerosis
C:\Users\HishamMo\Desktop\999_cs\Quantum_Inpired_PSO_Classifcation\MRI_dataset\Tuberous Sclerosis\Tuberous_Sclerosis232.jpg,Tuberous Sclerosis
C:\Users\HishamMo\Desktop\999_cs\Quantum_Inpired_PSO_Classifcation\MRI_dataset\Tuberous Sclerosis\Tuberous_Sclerosis233.jpg,Tuberous Sclerosis
C:\Users\HishamMo\Desktop\999_cs\Quantum_Inpired_PSO_Classifcation\MRI_dataset\Tuberous Sclerosis\Tuberous_Sclerosis234.jpg,Tuberous Sclerosis
C:\Users\HishamMo\Desktop\999_cs\Quantum_Inpired_PSO_Classifcation\MRI_dataset\Tuberous Sclerosis\Tuberous_Sclerosis235.jpg,Tuberous Sclerosis
C:\Users\HishamMo\Desktop\999_cs\Quantum_Inpired_PSO_Classifcation\MRI_dataset\Tuberous Sclerosis\Tuberous_Sclerosis236.jpg,Tuberous Sclerosis
C:\Users\HishamMo\Desktop\999_cs\Quantum_Inpired_PSO_Classifcation\MRI_dataset\Tuberous Sclerosis\Tuberous_Sclerosis237.jpg,Tuberous Sclerosis
C:\Users\HishamMo\Desktop\999_cs\Quantum_Inpired_PSO_Classifcation\MRI_dataset\Tuberous Sclerosis\Tuberous_Sclerosis238.jpg,Tuberous Sclerosis
C:\Users\HishamMo\Desktop\999_cs\Quantum_Inpired_PSO_Classifcation\MRI_dataset\Tuberous Sclerosis\Tuberous_Sclerosis239.jpg,Tuberous Sclerosis
C:\Users\HishamMo\Desktop\999_cs\Quantum_Inpired_PSO_Classifcation\MRI_dataset\Tuberous Sclerosis\Tuberous_Sclerosis240.jpg,Tuberous Sclerosis
C:\Users\HishamMo\Desktop\999_cs\Quantum_Inpired_PSO_Classifcation\MRI_dataset\Tuberous Sclerosis\Tuberous_Sclerosis241.jpg,Tuberous Sclerosis
C:\Users\HishamMo\Desktop\999_cs\Quantum_Inpired_PSO_Classifcation\MRI_dataset\Tuberous Sclerosis\Tuberous_Sclerosis242.jpg,Tuberous Sclerosis
C:\Users\HishamMo\Desktop\999_cs\Quantum_Inpired_PSO_Classifcation\MRI_dataset\Tuberous Sclerosis\Tuberous_Sclerosis243.jpg,Tuberous Sclerosis
C:\Users\HishamMo\Desktop\999_cs\Quantum_Inpired_PSO_Classifcation\MRI_dataset\Tuberous Sclerosis\Tuberous_Sclerosis244.jpg,Tuberous Sclerosis
C:\Users\HishamMo\Desktop\999_cs\Quantum_Inpired_PSO_Classifcation\MRI_dataset\Tuberous Sclerosis\Tuberous_Sclerosis245.jpg,Tuberous Sclerosis
C:\Users\HishamMo\Desktop\999_cs\Quantum_Inpired_PSO_Classifcation\MRI_dataset\Tuberous Sclerosis\Tuberous_Sclerosis246.jpg,Tuberous Sclerosis
C:\Users\HishamMo\Desktop\999_cs\Quantum_Inpired_PSO_Classifcation\MRI_dataset\Tuberous Sclerosis\Tuberous_Sclerosis247.jpg,Tuberous Sclerosis
C:\Users\HishamMo\Desktop\999_cs\Quantum_Inpired_PSO_Classifcation\MRI_dataset\Tuberous Sclerosis\Tuberous_Sclerosis248.jpg,Tuberous Sclerosis
C:\Users\HishamMo\Desktop\999_cs\Quantum_Inpired_PSO_Classifcation\MRI_dataset\Tuberous Sclerosis\Tuberous_Sclerosis249.jpg,Tuberous Sclerosis
C:\Users\HishamMo\Desktop\999_cs\Quantum_Inpired_PSO_Classifcation\MRI_dataset\Tuberous Sclerosis\Tuberous_Sclerosis250.jpg,Tuberous Sclerosis
C:\Users\HishamMo\Desktop\999_cs\Quantum_Inpired_PSO_Classifcation\MRI_dataset\Tuberous Sclerosis\Tuberous_Sclerosis251.jpg,Tuberous Sclerosis
C:\Users\HishamMo\Desktop\999_cs\Quantum_Inpired_PSO_Classifcation\MRI_dataset\Tuberous Sclerosis\Tuberous_Sclerosis252.jpg,Tuberous Sclerosis
C:\Users\HishamMo\Desktop\999_cs\Quantum_Inpired_PSO_Classifcation\MRI_dataset\Tuberous Sclerosis\Tuberous_Sclerosis253.jpg,Tuberous Sclerosis
C:\Users\HishamMo\Desktop\999_cs\Quantum_Inpired_PSO_Classifcation\MRI_dataset\Tuberous Sclerosis\Tuberous_Sclerosis254.jpg,Tuberous Sclerosis
C:\Users\HishamMo\Desktop\999_cs\Quantum_Inpired_PSO_Classifcation\MRI_dataset\Tuberous Sclerosis\Tuberous_Sclerosis255.jpg,Tuberous Sclerosis
C:\Users\HishamMo\Desktop\999_cs\Quantum_Inpired_PSO_Classifcation\MRI_dataset\Tuberous Sclerosis\Tuberous_Sclerosis256.jpg,Tuberous Sclerosis
C:\Users\HishamMo\Desktop\999_cs\Quantum_Inpired_PSO_Classifcation\MRI_dataset\Tuberous Sclerosis\Tuberous_Sclerosis257.jpg,Tuberous Sclerosis
C:\Users\HishamMo\Desktop\999_cs\Quantum_Inpired_PSO_Classifcation\MRI_dataset\Tuberous Sclerosis\Tuberous_Sclerosis258.jpg,Tuberous Sclerosis
C:\Users\HishamMo\Desktop\999_cs\Quantum_Inpired_PSO_Classifcation\MRI_dataset\Tuberous Sclerosis\Tuberous_Sclerosis259.jpg,Tuberous Sclerosis
C:\Users\HishamMo\Desktop\999_cs\Quantum_Inpired_PSO_Classifcation\MRI_dataset\Tuberous Sclerosis\Tuberous_Sclerosis260.jpg,Tuberous Sclerosis
C:\Users\HishamMo\Desktop\999_cs\Quantum_Inpired_PSO_Classifcation\MRI_dataset\Tuberous Sclerosis\Tuberous_Sclerosis261.jpg,Tuberous Sclerosis
C:\Users\HishamMo\Desktop\999_cs\Quantum_Inpired_PSO_Classifcation\MRI_dataset\Tuberous Sclerosis\Tuberous_Sclerosis262.jpg,Tuberous Sclerosis
C:\Users\HishamMo\Desktop\999_cs\Quantum_Inpired_PSO_Classifcation\MRI_dataset\Tuberous Sclerosis\Tuberous_Sclerosis263.jpg,Tuberous Sclerosis
C:\Users\HishamMo\Desktop\999_cs\Quantum_Inpired_PSO_Classifcation\MRI_dataset\Tuberous Sclerosis\Tuberous_Sclerosis264.jpg,Tuberous Sclerosis
C:\Users\HishamMo\Desktop\999_cs\Quantum_Inpired_PSO_Classifcation\MRI_dataset\Tuberous Sclerosis\Tuberous_Sclerosis265.jpg,Tuberous Sclerosis
C:\Users\HishamMo\Desktop\999_cs\Quantum_Inpired_PSO_Classifcation\MRI_dataset\Tuberous Sclerosis\Tuberous_Sclerosis266.jpg,Tuberous Sclerosis
C:\Users\HishamMo\Desktop\999_cs\Quantum_Inpired_PSO_Classifcation\MRI_dataset\Tuberous Sclerosis\Tuberous_Sclerosis267.jpg,Tuberous Sclerosis
C:\Users\HishamMo\Desktop\999_cs\Quantum_Inpired_PSO_Classifcation\MRI_dataset\Tuberous Sclerosis\Tuberous_Sclerosis268.jpg,Tuberous Sclerosis
C:\Users\HishamMo\Desktop\999_cs\Quantum_Inpired_PSO_Classifcation\MRI_dataset\Tuberous Sclerosis\Tuberous_Sclerosis269.jpg,Tuberous Sclerosis
C:\Users\HishamMo\Desktop\999_cs\Quantum_Inpired_PSO_Classifcation\MRI_dataset\Tuberous Sclerosis\Tuberous_Sclerosis270.jpg,Tuberous Sclerosis
C:\Users\HishamMo\Desktop\999_cs\Quantum_Inpired_PSO_Classifcation\MRI_dataset\Tuberous Sclerosis\Tuberous_Sclerosis271.jpg,Tuberous Sclerosis
C:\Users\HishamMo\Desktop\999_cs\Quantum_Inpired_PSO_Classifcation\MRI_dataset\Tuberous Sclerosis\Tuberous_Sclerosis272.jpg,Tuberous Sclerosis
C:\Users\HishamMo\Desktop\999_cs\Quantum_Inpired_PSO_Classifcation\MRI_dataset\Tuberous Sclerosis\Tuberous_Sclerosis273.jpg,Tuberous Sclerosis
C:\Users\HishamMo\Desktop\999_cs\Quantum_Inpired_PSO_Classifcation\MRI_dataset\Tuberous Sclerosis\Tuberous_Sclerosis274.jpg,Tuberous Sclerosis
C:\Users\HishamMo\Desktop\999_cs\Quantum_Inpired_PSO_Classifcation\MRI_dataset\Tuberous Sclerosis\Tuberous_Sclerosis275.jpg,Tuberous Sclerosis
C:\Users\HishamMo\Desktop\999_cs\Quantum_Inpired_PSO_Classifcation\MRI_dataset\Tuberous Sclerosis\Tuberous_Sclerosis276.jpg,Tuberous Sclerosis
C:\Users\HishamMo\Desktop\999_cs\Quantum_Inpired_PSO_Classifcation\MRI_dataset\Tuberous Sclerosis\Tuberous_Sclerosis277.jpg,Tuberous Sclerosis
C:\Users\HishamMo\Desktop\999_cs\Quantum_Inpired_PSO_Classifcation\MRI_dataset\Tuberous Sclerosis\Tuberous_Sclerosis278.jpg,Tuberous Sclerosis
C:\Users\HishamMo\Desktop\999_cs\Quantum_Inpired_PSO_Classifcation\MRI_dataset\Tuberous Sclerosis\Tuberous_Sclerosis279.jpg,Tuberous Sclerosis
C:\Users\HishamMo\Desktop\999_cs\Quantum_Inpired_PSO_Classifcation\MRI_dataset\Tuberous Sclerosis\Tuberous_Sclerosis280.jpg,Tuberous Sclerosis
C:\Users\HishamMo\Desktop\999_cs\Quantum_Inpired_PSO_Classifcation\MRI_dataset\Tuberous Sclerosis\Tuberous_Sclerosis281.jpg,Tuberous Sclerosis
C:\Users\HishamMo\Desktop\999_cs\Quantum_Inpired_PSO_Classifcation\MRI_dataset\Tuberous Sclerosis\Tuberous_Sclerosis282.jpg,Tuberous Sclerosis
C:\Users\HishamMo\Desktop\999_cs\Quantum_Inpired_PSO_Classifcation\MRI_dataset\Tuberous Sclerosis\Tuberous_Sclerosis283.jpg,Tuberous Sclerosis
C:\Users\HishamMo\Desktop\999_cs\Quantum_Inpired_PSO_Classifcation\MRI_dataset\Tuberous Sclerosis\Tuberous_Sclerosis284.jpg,Tuberous Sclerosis
C:\Users\HishamMo\Desktop\999_cs\Quantum_Inpired_PSO_Classifcation\MRI_dataset\Tuberous Sclerosis\Tuberous_Sclerosis285.jpg,Tuberous Sclerosis
C:\Users\HishamMo\Desktop\999_cs\Quantum_Inpired_PSO_Classifcation\MRI_dataset\Tuberous Sclerosis\Tuberous_Sclerosis286.jpg,Tuberous Sclerosis
C:\Users\HishamMo\Desktop\999_cs\Quantum_Inpired_PSO_Classifcation\MRI_dataset\Tuberous Sclerosis\Tuberous_Sclerosis287.jpg,Tuberous Sclerosis
C:\Users\HishamMo\Desktop\999_cs\Quantum_Inpired_PSO_Classifcation\MRI_dataset\Tuberous Sclerosis\Tuberous_Sclerosis288.jpg,Tuberous Sclerosis
C:\Users\HishamMo\Desktop\999_cs\Quantum_Inpired_PSO_Classifcation\MRI_dataset\Tuberous Sclerosis\Tuberous_Sclerosis289.jpg,Tuberous Sclerosis
C:\Users\HishamMo\Desktop\999_cs\Quantum_Inpired_PSO_Classifcation\MRI_dataset\Tuberous Sclerosis\Tuberous_Sclerosis290.jpg,Tuberous Sclerosis
C:\Users\HishamMo\Desktop\999_cs\Quantum_Inpired_PSO_Classifcation\MRI_dataset\Tuberous Sclerosis\Tuberous_Sclerosis291.jpg,Tuberous Sclerosis
C:\Users\HishamMo\Desktop\999_cs\Quantum_Inpired_PSO_Classifcation\MRI_dataset\Tuberous Sclerosis\Tuberous_Sclerosis292.jpg,Tuberous Sclerosis
C:\Users\HishamMo\Desktop\999_cs\Quantum_Inpired_PSO_Classifcation\MRI_dataset\Tuberous Sclerosis\Tuberous_Sclerosis293.jpg,Tuberous Sclerosis
C:\Users\HishamMo\Desktop\999_cs\Quantum_Inpired_PSO_Classifcation\MRI_dataset\Tuberous Sclerosis\Tuberous_Sclerosis294.jpg,Tuberous Sclerosis
C:\Users\HishamMo\Desktop\999_cs\Quantum_Inpired_PSO_Classifcation\MRI_dataset\Tuberous Sclerosis\Tuberous_Sclerosis295.jpg,Tuberous Sclerosis
C:\Users\HishamMo\Desktop\999_cs\Quantum_Inpired_PSO_Classifcation\MRI_dataset\Tuberous Sclerosis\Tuberous_Sclerosis296.jpg,Tuberous Sclerosis
C:\Users\HishamMo\Desktop\999_cs\Quantum_Inpired_PSO_Classifcation\MRI_dataset\Tuberous Sclerosis\Tuberous_Sclerosis297.jpg,Tuberous Sclerosis
C:\Users\HishamMo\Desktop\999_cs\Quantum_Inpired_PSO_Classifcation\MRI_dataset\Tuberous Sclerosis\Tuberous_Sclerosis298.jpg,Tuberous Sclerosis
C:\Users\HishamMo\Desktop\999_cs\Quantum_Inpired_PSO_Classifcation\MRI_dataset\Tuberous Sclerosis\Tuberous_Sclerosis299.jpg,Tuberous Sclerosis
C:\Users\HishamMo\Desktop\999_cs\Quantum_Inpired_PSO_Classifcation\MRI_dataset\Tuberous Sclerosis\Tuberous_Sclerosis300.jpg,Tuberous Sclerosis
C:\Users\HishamMo\Desktop\999_cs\Quantum_Inpired_PSO_Classifcation\MRI_dataset\Tuberous Sclerosis\Tuberous_Sclerosis301.jpg,Tuberous Sclerosis
C:\Users\HishamMo\Desktop\999_cs\Quantum_Inpired_PSO_Classifcation\MRI_dataset\Tuberous Sclerosis\Tuberous_Sclerosis302.jpg,Tuberous Sclerosis
C:\Users\HishamMo\Desktop\999_cs\Quantum_Inpired_PSO_Classifcation\MRI_dataset\Tuberous Sclerosis\Tuberous_Sclerosis303.jpg,Tuberous Sclerosis
C:\Users\HishamMo\Desktop\999_cs\Quantum_Inpired_PSO_Classifcation\MRI_dataset\Tuberous Sclerosis\Tuberous_Sclerosis304.jpg,Tuberous Sclerosis
C:\Users\HishamMo\Desktop\999_cs\Quantum_Inpired_PSO_Classifcation\MRI_dataset\Tuberous Sclerosis\Tuberous_Sclerosis305.jpg,Tuberous Sclerosis
C:\Users\HishamMo\Desktop\999_cs\Quantum_Inpired_PSO_Classifcation\MRI_dataset\Tuberous Sclerosis\Tuberous_Sclerosis306.jpg,Tuberous Sclerosis
C:\Users\HishamMo\Desktop\999_cs\Quantum_Inpired_PSO_Classifcation\MRI_dataset\Tuberous Sclerosis\Tuberous_Sclerosis307.jpg,Tuberous Sclerosis
C:\Users\HishamMo\Desktop\999_cs\Quantum_Inpired_PSO_Classifcation\MRI_dataset\Tuberous Sclerosis\Tuberous_Sclerosis308.jpg,Tuberous Sclerosis
C:\Users\HishamMo\Desktop\999_cs\Quantum_Inpired_PSO_Classifcation\MRI_dataset\Tuberous Sclerosis\Tuberous_Sclerosis309.jpg,Tuberous Sclerosis
C:\Users\HishamMo\Desktop\999_cs\Quantum_Inpired_PSO_Classifcation\MRI_dataset\Tuberous Sclerosis\Tuberous_Sclerosis310.jpg,Tuberous Sclerosis
C:\Users\HishamMo\Desktop\999_cs\Quantum_Inpired_PSO_Classifcation\MRI_dataset\Tuberous Sclerosis\Tuberous_Sclerosis311.jpg,Tuberous Sclerosis
C:\Users\HishamMo\Desktop\999_cs\Quantum_Inpired_PSO_Classifcation\MRI_dataset\Tuberous Sclerosis\Tuberous_Sclerosis312.jpg,Tuberous Sclerosis
C:\Users\HishamMo\Desktop\999_cs\Quantum_Inpired_PSO_Classifcation\MRI_dataset\Tuberous Sclerosis\Tuberous_Sclerosis313.jpg,Tuberous Sclerosis
C:\Users\HishamMo\Desktop\999_cs\Quantum_Inpired_PSO_Classifcation\MRI_dataset\Tuberous Sclerosis\Tuberous_Sclerosis314.jpg,Tuberous Sclerosis
C:\Users\HishamMo\Desktop\999_cs\Quantum_Inpired_PSO_Classifcation\MRI_dataset\Tuberous Sclerosis\Tuberous_Sclerosis315.jpg,Tuberous Sclerosis
C:\Users\HishamMo\Desktop\999_cs\Quantum_Inpired_PSO_Classifcation\MRI_dataset\Tuberous Sclerosis\Tuberous_Sclerosis316.jpg,Tuberous Sclerosis
C:\Users\HishamMo\Desktop\999_cs\Quantum_Inpired_PSO_Classifcation\MRI_dataset\Tuberous Sclerosis\Tuberous_Sclerosis317.jpg,Tuberous Sclerosis
C:\Users\HishamMo\Desktop\999_cs\Quantum_Inpired_PSO_Classifcation\MRI_dataset\Tuberous Sclerosis\Tuberous_Sclerosis318.jpg,Tuberous Sclerosis
C:\Users\HishamMo\Desktop\999_cs\Quantum_Inpired_PSO_Classifcation\MRI_dataset\Tuberous Sclerosis\Tuberous_Sclerosis319.jpg,Tuberous Sclerosis
C:\Users\HishamMo\Desktop\999_cs\Quantum_Inpired_PSO_Classifcation\MRI_dataset\Tuberous Sclerosis\Tuberous_Sclerosis320.jpg,Tuberous Sclerosis
C:\Users\HishamMo\Desktop\999_cs\Quantum_Inpired_PSO_Classifcation\MRI_dataset\Tuberous Sclerosis\Tuberous_Sclerosis321.jpg,Tuberous Sclerosis
C:\Users\HishamMo\Desktop\999_cs\Quantum_Inpired_PSO_Classifcation\MRI_dataset\Tuberous Sclerosis\Tuberous_Sclerosis322.jpg,Tuberous Sclerosis
C:\Users\HishamMo\Desktop\999_cs\Quantum_Inpired_PSO_Classifcation\MRI_dataset\Tuberous Sclerosis\Tuberous_Sclerosis323.jpg,Tuberous Sclerosis
C:\Users\HishamMo\Desktop\999_cs\Quantum_Inpired_PSO_Classifcation\MRI_dataset\Tuberous Sclerosis\Tuberous_Sclerosis324.jpg,Tuberous Sclerosis
C:\Users\HishamMo\Desktop\999_cs\Quantum_Inpired_PSO_Classifcation\MRI_dataset\Tuberous Sclerosis\Tuberous_Sclerosis325.jpg,Tuberous Sclerosis
C:\Users\HishamMo\Desktop\999_cs\Quantum_Inpired_PSO_Classifcation\MRI_dataset\Tuberous Sclerosis\Tuberous_Sclerosis326.jpg,Tuberous Sclerosis
C:\Users\HishamMo\Desktop\999_cs\Quantum_Inpired_PSO_Classifcation\MRI_dataset\Tuberous Sclerosis\Tuberous_Sclerosis327.jpg,Tuberous Sclerosis
C:\Users\HishamMo\Desktop\999_cs\Quantum_Inpired_PSO_Classifcation\MRI_dataset\Tuberous Sclerosis\Tuberous_Sclerosis328.jpg,Tuberous Sclerosis
C:\Users\HishamMo\Desktop\999_cs\Quantum_Inpired_PSO_Classifcation\MRI_dataset\Tuberous Sclerosis\Tuberous_Sclerosis329.jpg,Tuberous Sclerosis
C:\Users\HishamMo\Desktop\999_cs\Quantum_Inpired_PSO_Classifcation\MRI_dataset\Tuberous Sclerosis\Tuberous_Sclerosis330.jpg,Tuberous Sclerosis
C:\Users\HishamMo\Desktop\999_cs\Quantum_Inpired_PSO_Classifcation\MRI_dataset\Tuberous Sclerosis\Tuberous_Sclerosis331.jpg,Tuberous Sclerosis
C:\Users\HishamMo\Desktop\999_cs\Quantum_Inpired_PSO_Classifcation\MRI_dataset\Tuberous Sclerosis\Tuberous_Sclerosis332.jpg,Tuberous Sclerosis
C:\Users\HishamMo\Desktop\999_cs\Quantum_Inpired_PSO_Classifcation\MRI_dataset\Tuberous Sclerosis\Tuberous_Sclerosis333.jpg,Tuberous Sclerosis
C:\Users\HishamMo\Desktop\999_cs\Quantum_Inpired_PSO_Classifcation\MRI_dataset\Tuberous Sclerosis\Tuberous_Sclerosis334.jpg,Tuberous Sclerosis
C:\Users\HishamMo\Desktop\999_cs\Quantum_Inpired_PSO_Classifcation\MRI_dataset\Tuberous Sclerosis\Tuberous_Sclerosis335.jpg,Tuberous Sclerosis
C:\Users\HishamMo\Desktop\999_cs\Quantum_Inpired_PSO_Classifcation\MRI_dataset\Tuberous Sclerosis\Tuberous_Sclerosis336.jpg,Tuberous Sclerosis
C:\Users\HishamMo\Desktop\999_cs\Quantum_Inpired_PSO_Classifcation\MRI_dataset\Tuberous Sclerosis\Tuberous_Sclerosis337.jpg,Tuberous Sclerosis
C:\Users\HishamMo\Desktop\999_cs\Quantum_Inpired_PSO_Classifcation\MRI_dataset\Tuberous Sclerosis\Tuberous_Sclerosis338.jpg,Tuberous Sclerosis
C:\Users\HishamMo\Desktop\999_cs\Quantum_Inpired_PSO_Classifcation\MRI_dataset\Tuberous Sclerosis\Tuberous_Sclerosis339.jpg,Tuberous Sclerosis
C:\Users\HishamMo\Desktop\999_cs\Quantum_Inpired_PSO_Classifcation\MRI_dataset\Tuberous Sclerosis\Tuberous_Sclerosis340.jpg,Tuberous Sclerosis
C:\Users\HishamMo\Desktop\999_cs\Quantum_Inpired_PSO_Classifcation\MRI_dataset\Tuberous Sclerosis\Tuberous_Sclerosis341.jpg,Tuberous Sclerosis
C:\Users\HishamMo\Desktop\999_cs\Quantum_Inpired_PSO_Classifcation\MRI_dataset\Tuberous Sclerosis\Tuberous_Sclerosis342.jpg,Tuberous Sclerosis
C:\Users\HishamMo\Desktop\999_cs\Quantum_Inpired_PSO_Classifcation\MRI_dataset\Tuberous Sclerosis\Tuberous_Sclerosis343.jpg,Tuberous Sclerosis
C:\Users\HishamMo\Desktop\999_cs\Quantum_Inpired_PSO_Classifcation\MRI_dataset\Tuberous Sclerosis\Tuberous_Sclerosis344.jpg,Tuberous Sclerosis
C:\Users\HishamMo\Desktop\999_cs\Quantum_Inpired_PSO_Classifcation\MRI_dataset\Tuberous Sclerosis\Tuberous_Sclerosis345.jpg,Tuberous Sclerosis
C:\Users\HishamMo\Desktop\999_cs\Quantum_Inpired_PSO_Classifcation\MRI_dataset\Tuberous Sclerosis\Tuberous_Sclerosis346.jpg,Tuberous Sclerosis
C:\Users\HishamMo\Desktop\999_cs\Quantum_Inpired_PSO_Classifcation\MRI_dataset\Tuberous Sclerosis\Tuberous_Sclerosis347.jpg,Tuberous Sclerosis
C:\Users\HishamMo\Desktop\999_cs\Quantum_Inpired_PSO_Classifcation\MRI_dataset\Tuberous Sclerosis\Tuberous_Sclerosis348.jpg,Tuberous Sclerosis
C:\Users\HishamMo\Desktop\999_cs\Quantum_Inpired_PSO_Classifcation\MRI_dataset\Tuberous Sclerosis\Tuberous_Sclerosis349.jpg,Tuberous Sclerosis
C:\Users\HishamMo\Desktop\999_cs\Quantum_Inpired_PSO_Classifcation\MRI_dataset\Tuberous Sclerosis\Tuberous_Sclerosis350.jpg,Tuberous Sclerosis
C:\Users\HishamMo\Desktop\999_cs\Quantum_Inpired_PSO_Classifcation\MRI_dataset\Tuberous Sclerosis\Tuberous_Sclerosis351.jpg,Tuberous Sclerosis
C:\Users\HishamMo\Desktop\999_cs\Quantum_Inpired_PSO_Classifcation\MRI_dataset\Tuberous Sclerosis\Tuberous_Sclerosis352.jpg,Tuberous Sclerosis
C:\Users\HishamMo\Desktop\999_cs\Quantum_Inpired_PSO_Classifcation\MRI_dataset\Tuberous Sclerosis\Tuberous_Sclerosis353.jpg,Tuberous Sclerosis
C:\Users\HishamMo\Desktop\999_cs\Quantum_Inpired_PSO_Classifcation\MRI_dataset\Tuberous Sclerosis\Tuberous_Sclerosis354.jpg,Tuberous Sclerosis
C:\Users\HishamMo\Desktop\999_cs\Quantum_Inpired_PSO_Classifcation\MRI_dataset\Tuberous Sclerosis\Tuberous_Sclerosis355.jpg,Tuberous Sclerosis
C:\Users\HishamMo\Desktop\999_cs\Quantum_Inpired_PSO_Classifcation\MRI_dataset\Tuberous Sclerosis\Tuberous_Sclerosis356.jpg,Tuberous Sclerosis
C:\Users\HishamMo\Desktop\999_cs\Quantum_Inpired_PSO_Classifcation\MRI_dataset\Tuberous Sclerosis\Tuberous_Sclerosis357.jpg,Tuberous Sclerosis
C:\Users\HishamMo\Desktop\999_cs\Quantum_Inpired_PSO_Classifcation\MRI_dataset\Tuberous Sclerosis\Tuberous_Sclerosis358.jpg,Tuberous Sclerosis
C:\Users\HishamMo\Desktop\999_cs\Quantum_Inpired_PSO_Classifcation\MRI_dataset\Tuberous Sclerosis\Tuberous_Sclerosis359.jpg,Tuberous Sclerosis
C:\Users\HishamMo\Desktop\999_cs\Quantum_Inpired_PSO_Classifcation\MRI_dataset\Tuberous Sclerosis\Tuberous_Sclerosis360.jpg,Tuberous Sclerosis
C:\Users\HishamMo\Desktop\999_cs\Quantum_Inpired_PSO_Classifcation\MRI_dataset\Tuberous Sclerosis\Tuberous_Sclerosis361.jpg,Tuberous Sclerosis
C:\Users\HishamMo\Desktop\999_cs\Quantum_Inpired_PSO_Classifcation\MRI_dataset\Tuberous Sclerosis\Tuberous_Sclerosis362.jpg,Tuberous Sclerosis
C:\Users\HishamMo\Desktop\999_cs\Quantum_Inpired_PSO_Classifcation\MRI_dataset\Tuberous Sclerosis\Tuberous_Sclerosis363.jpg,Tuberous Sclerosis
C:\Users\HishamMo\Desktop\999_cs\Quantum_Inpired_PSO_Classifcation\MRI_dataset\Tuberous Sclerosis\Tuberous_Sclerosis364.jpg,Tuberous Sclerosis
C:\Users\HishamMo\Desktop\999_cs\Quantum_Inpired_PSO_Classifcation\MRI_dataset\Tuberous Sclerosis\Tuberous_Sclerosis365.jpg,Tuberous Sclerosis
C:\Users\HishamMo\Desktop\999_cs\Quantum_Inpired_PSO_Classifcation\MRI_dataset\Tuberous Sclerosis\Tuberous_Sclerosis366.jpg,Tuberous Sclerosis
C:\Users\HishamMo\Desktop\999_cs\Quantum_Inpired_PSO_Classifcation\MRI_dataset\Tuberous Sclerosis\Tuberous_Sclerosis367.jpg,Tuberous Sclerosis
C:\Users\HishamMo\Desktop\999_cs\Quantum_Inpired_PSO_Classifcation\MRI_dataset\Tuberous Sclerosis\Tuberous_Sclerosis368.jpg,Tuberous Sclerosis
C:\Users\HishamMo\Desktop\999_cs\Quantum_Inpired_PSO_Classifcation\MRI_dataset\Tuberous Sclerosis\Tuberous_Sclerosis369.jpg,Tuberous Sclerosis
C:\Users\HishamMo\Desktop\999_cs\Quantum_Inpired_PSO_Classifcation\MRI_dataset\Tuberous Sclerosis\Tuberous_Sclerosis370.jpg,Tuberous Sclerosis
C:\Users\HishamMo\Desktop\999_cs\Quantum_Inpired_PSO_Classifcation\MRI_dataset\Tuberous Sclerosis\Tuberous_Sclerosis371.jpg,Tuberous Sclerosis
C:\Users\HishamMo\Desktop\999_cs\Quantum_Inpired_PSO_Classifcation\MRI_dataset\Tuberous Sclerosis\Tuberous_Sclerosis372.jpg,Tuberous Sclerosis
C:\Users\HishamMo\Desktop\999_cs\Quantum_Inpired_PSO_Classifcation\MRI_dataset\Tuberous Sclerosis\Tuberous_Sclerosis373.jpg,Tuberous Sclerosis
C:\Users\HishamMo\Desktop\999_cs\Quantum_Inpired_PSO_Classifcation\MRI_dataset\Tuberous Sclerosis\Tuberous_Sclerosis374.jpg,Tuberous Sclerosis
C:\Users\HishamMo\Desktop\999_cs\Quantum_Inpired_PSO_Classifcation\MRI_dataset\Tuberous Sclerosis\Tuberous_Sclerosis375.jpg,Tuberous Sclerosis
C:\Users\HishamMo\Desktop\999_cs\Quantum_Inpired_PSO_Classifcation\MRI_dataset\Tuberous Sclerosis\Tuberous_Sclerosis376.jpg,Tuberous Sclerosis
C:\Users\HishamMo\Desktop\999_cs\Quantum_Inpired_PSO_Classifcation\MRI_dataset\Tuberous Sclerosis\Tuberous_Sclerosis377.jpg,Tuberous Sclerosis
C:\Users\HishamMo\Desktop\999_cs\Quantum_Inpired_PSO_Classifcation\MRI_dataset\Tuberous Sclerosis\Tuberous_Sclerosis378.jpg,Tuberous Sclerosis
C:\Users\HishamMo\Desktop\999_cs\Quantum_Inpired_PSO_Classifcation\MRI_dataset\Tuberous Sclerosis\Tuberous_Sclerosis379.jpg,Tuberous Sclerosis
C:\Users\HishamMo\Desktop\999_cs\Quantum_Inpired_PSO_Classifcation\MRI_dataset\Tuberous Sclerosis\Tuberous_Sclerosis380.jpg,Tuberous Sclerosis
C:\Users\HishamMo\Desktop\999_cs\Quantum_Inpired_PSO_Classifcation\MRI_dataset\Tuberous Sclerosis\Tuberous_Sclerosis381.jpg,Tuberous Sclerosis
C:\Users\HishamMo\Desktop\999_cs\Quantum_Inpired_PSO_Classifcation\MRI_dataset\Tuberous Sclerosis\Tuberous_Sclerosis382.jpg,Tuberous Sclerosis
C:\Users\HishamMo\Desktop\999_cs\Quantum_Inpired_PSO_Classifcation\MRI_dataset\Tuberous Sclerosis\Tuberous_Sclerosis383.jpg,Tuberous Sclerosis
C:\Users\HishamMo\Desktop\999_cs\Quantum_Inpired_PSO_Classifcation\MRI_dataset\Tuberous Sclerosis\Tuberous_Sclerosis384.jpg,Tuberous Sclerosis
C:\Users\HishamMo\Desktop\999_cs\Quantum_Inpired_PSO_Classifcation\MRI_dataset\Tuberous Sclerosis\Tuberous_Sclerosis385.jpg,Tuberous Sclerosis
C:\Users\HishamMo\Desktop\999_cs\Quantum_Inpired_PSO_Classifcation\MRI_dataset\Tuberous Sclerosis\Tuberous_Sclerosis386.jpg,Tuberous Sclerosis
C:\Users\HishamMo\Desktop\999_cs\Quantum_Inpired_PSO_Classifcation\MRI_dataset\Tuberous Sclerosis\Tuberous_Sclerosis387.jpg,Tuberous Sclerosis
C:\Users\HishamMo\Desktop\999_cs\Quantum_Inpired_PSO_Classifcation\MRI_dataset\Tuberous Sclerosis\Tuberous_Sclerosis388.jpg,Tuberous Sclerosis
C:\Users\HishamMo\Desktop\999_cs\Quantum_Inpired_PSO_Classifcation\MRI_dataset\Tuberous Sclerosis\Tuberous_Sclerosis389.jpg,Tuberous Sclerosis
C:\Users\HishamMo\Desktop\999_cs\Quantum_Inpired_PSO_Classifcation\MRI_dataset\Tuberous Sclerosis\Tuberous_Sclerosis390.jpg,Tuberous Sclerosis
C:\Users\HishamMo\Desktop\999_cs\Quantum_Inpired_PSO_Classifcation\MRI_dataset\Tuberous Sclerosis\Tuberous_Sclerosis391.jpg,Tuberous Sclerosis
C:\Users\HishamMo\Desktop\999_cs\Quantum_Inpired_PSO_Classifcation\MRI_dataset\Tuberous Sclerosis\Tuberous_Sclerosis392.jpg,Tuberous Sclerosis
C:\Users\HishamMo\Desktop\999_cs\Quantum_Inpired_PSO_Classifcation\MRI_dataset\Tuberous Sclerosis\Tuberous_Sclerosis393.jpg,Tuberous Sclerosis
C:\Users\HishamMo\Desktop\999_cs\Quantum_Inpired_PSO_Classifcation\MRI_dataset\Tuberous Sclerosis\Tuberous_Sclerosis394.jpg,Tuberous Sclerosis
C:\Users\HishamMo\Desktop\999_cs\Quantum_Inpired_PSO_Classifcation\MRI_dataset\Tuberous Sclerosis\Tuberous_Sclerosis395.jpg,Tuberous Sclerosis
C:\Users\HishamMo\Desktop\999_cs\Quantum_Inpired_PSO_Classifcation\MRI_dataset\Tuberous Sclerosis\Tuberous_Sclerosis396.jpg,Tuberous Sclerosis
C:\Users\HishamMo\Desktop\999_cs\Quantum_Inpired_PSO_Classifcation\MRI_dataset\Tuberous Sclerosis\Tuberous_Sclerosis397.jpg,Tuberous Sclerosis
C:\Users\HishamMo\Desktop\999_cs\Quantum_Inpired_PSO_Classifcation\MRI_dataset\Tuberous Sclerosis\Tuberous_Sclerosis398.jpg,Tuberous Sclerosis
C:\Users\HishamMo\Desktop\999_cs\Quantum_Inpired_PSO_Classifcation\MRI_dataset\Tuberous Sclerosis\Tuberous_Sclerosis399.jpg,Tuberous Sclerosis
C:\Users\HishamMo\Desktop\999_cs\Quantum_Inpired_PSO_Classifcation\MRI_dataset\Tuberous Sclerosis\Tuberous_Sclerosis400.jpg,Tuberous Sclerosis
C:\Users\HishamMo\Desktop\999_cs\Quantum_Inpired_PSO_Classifcation\MRI_dataset\Tuberous Sclerosis\Tuberous_Sclerosis401.jpg,Tuberous Sclerosis
C:\Users\HishamMo\Desktop\999_cs\Quantum_Inpired_PSO_Classifcation\MRI_dataset\Tuberous Sclerosis\Tuberous_Sclerosis402.jpg,Tuberous Sclerosis
C:\Users\HishamMo\Desktop\999_cs\Quantum_Inpired_PSO_Classifcation\MRI_dataset\Tuberous Sclerosis\Tuberous_Sclerosis403.jpg,Tuberous Sclerosis
C:\Users\HishamMo\Desktop\999_cs\Quantum_Inpired_PSO_Classifcation\MRI_dataset\Tuberous Sclerosis\Tuberous_Sclerosis404.jpg,Tuberous Sclerosis
C:\Users\HishamMo\Desktop\999_cs\Quantum_Inpired_PSO_Classifcation\MRI_dataset\Tuberous Sclerosis\Tuberous_Sclerosis405.jpg,Tuberous Sclerosis
C:\Users\HishamMo\Desktop\999_cs\Quantum_Inpired_PSO_Classifcation\MRI_dataset\Tuberous Sclerosis\Tuberous_Sclerosis406.jpg,Tuberous Sclerosis
C:\Users\HishamMo\Desktop\999_cs\Quantum_Inpired_PSO_Classifcation\MRI_dataset\Tuberous Sclerosis\Tuberous_Sclerosis407.jpg,Tuberous Sclerosis
C:\Users\HishamMo\Desktop\999_cs\Quantum_Inpired_PSO_Classifcation\MRI_dataset\Tuberous Sclerosis\Tuberous_Sclerosis408.jpg,Tuberous Sclerosis
C:\Users\HishamMo\Desktop\999_cs\Quantum_Inpired_PSO_Classifcation\MRI_dataset\Tuberous Sclerosis\Tuberous_Sclerosis409.jpg,Tuberous Sclerosis
C:\Users\HishamMo\Desktop\999_cs\Quantum_Inpired_PSO_Classifcation\MRI_dataset\Tuberous Sclerosis\Tuberous_Sclerosis410.jpg,Tuberous Sclerosis
C:\Users\HishamMo\Desktop\999_cs\Quantum_Inpired_PSO_Classifcation\MRI_dataset\Tuberous Sclerosis\Tuberous_Sclerosis411.jpg,Tuberous Sclerosis
C:\Users\HishamMo\Desktop\999_cs\Quantum_Inpired_PSO_Classifcation\MRI_dataset\Tuberous Sclerosis\Tuberous_Sclerosis412.jpg,Tuberous Sclerosis
C:\Users\HishamMo\Desktop\999_cs\Quantum_Inpired_PSO_Classifcation\MRI_dataset\Tuberous Sclerosis\Tuberous_Sclerosis413.jpg,Tuberous Sclerosis
C:\Users\HishamMo\Desktop\999_cs\Quantum_Inpired_PSO_Classifcation\MRI_dataset\Tuberous Sclerosis\Tuberous_Sclerosis414.jpg,Tuberous Sclerosis
C:\Users\HishamMo\Desktop\999_cs\Quantum_Inpired_PSO_Classifcation\MRI_dataset\Tuberous Sclerosis\Tuberous_Sclerosis415.jpg,Tuberous Sclerosis
C:\Users\HishamMo\Desktop\999_cs\Quantum_Inpired_PSO_Classifcation\MRI_dataset\Tuberous Sclerosis\Tuberous_Sclerosis416.jpg,Tuberous Sclerosis
C:\Users\HishamMo\Desktop\999_cs\Quantum_Inpired_PSO_Classifcation\MRI_dataset\Tuberous Sclerosis\Tuberous_Sclerosis417.jpg,Tuberous Sclerosis
C:\Users\HishamMo\Desktop\999_cs\Quantum_Inpired_PSO_Classifcation\MRI_dataset\Tuberous Sclerosis\Tuberous_Sclerosis418.jpg,Tuberous Sclerosis
C:\Users\HishamMo\Desktop\999_cs\Quantum_Inpired_PSO_Classifcation\MRI_dataset\Tuberous Sclerosis\Tuberous_Sclerosis419.jpg,Tuberous Sclerosis
C:\Users\HishamMo\Desktop\999_cs\Quantum_Inpired_PSO_Classifcation\MRI_dataset\Tuberous Sclerosis\Tuberous_Sclerosis420.jpg,Tuberous Sclerosis
C:\Users\HishamMo\Desktop\999_cs\Quantum_Inpired_PSO_Classifcation\MRI_dataset\Tuberous Sclerosis\Tuberous_Sclerosis421.jpg,Tuberous Sclerosis
C:\Users\HishamMo\Desktop\999_cs\Quantum_Inpired_PSO_Classifcation\MRI_dataset\Tuberous Sclerosis\Tuberous_Sclerosis422.jpg,Tuberous Sclerosis
C:\Users\HishamMo\Desktop\999_cs\Quantum_Inpired_PSO_Classifcation\MRI_dataset\Tuberous Sclerosis\Tuberous_Sclerosis423.jpg,Tuberous Sclerosis
C:\Users\HishamMo\Desktop\999_cs\Quantum_Inpired_PSO_Classifcation\MRI_dataset\Tuberous Sclerosis\Tuberous_Sclerosis424.jpg,Tuberous Sclerosis
C:\Users\HishamMo\Desktop\999_cs\Quantum_Inpired_PSO_Classifcation\MRI_dataset\Tuberous Sclerosis\Tuberous_Sclerosis425.jpg,Tuberous Sclerosis
C:\Users\HishamMo\Desktop\999_cs\Quantum_Inpired_PSO_Classifcation\MRI_dataset\Tuberous Sclerosis\Tuberous_Sclerosis426.jpg,Tuberous Sclerosis
C:\Users\HishamMo\Desktop\999_cs\Quantum_Inpired_PSO_Classifcation\MRI_dataset\Tuberous Sclerosis\Tuberous_Sclerosis427.jpg,Tuberous Sclerosis
C:\Users\HishamMo\Desktop\999_cs\Quantum_Inpired_PSO_Classifcation\MRI_dataset\Tuberous Sclerosis\Tuberous_Sclerosis428.jpg,Tuberous Sclerosis
C:\Users\HishamMo\Desktop\999_cs\Quantum_Inpired_PSO_Classifcation\MRI_dataset\Tuberous Sclerosis\Tuberous_Sclerosis429.jpg,Tuberous Sclerosis
C:\Users\HishamMo\Desktop\999_cs\Quantum_Inpired_PSO_Classifcation\MRI_dataset\Tuberous Sclerosis\Tuberous_Sclerosis430.jpg,Tuberous Sclerosis
C:\Users\HishamMo\Desktop\999_cs\Quantum_Inpired_PSO_Classifcation\MRI_dataset\Tuberous Sclerosis\Tuberous_Sclerosis431.jpg,Tuberous Sclerosis
C:\Users\HishamMo\Desktop\999_cs\Quantum_Inpired_PSO_Classifcation\MRI_dataset\Tuberous Sclerosis\Tuberous_Sclerosis432.jpg,Tuberous Sclerosis
C:\Users\HishamMo\Desktop\999_cs\Quantum_Inpired_PSO_Classifcation\MRI_dataset\Tuberous Sclerosis\Tuberous_Sclerosis433.jpg,Tuberous Sclerosis
C:\Users\HishamMo\Desktop\999_cs\Quantum_Inpired_PSO_Classifcation\MRI_dataset\Tuberous Sclerosis\Tuberous_Sclerosis434.jpg,Tuberous Sclerosis
C:\Users\HishamMo\Desktop\999_cs\Quantum_Inpired_PSO_Classifcation\MRI_dataset\Tuberous Sclerosis\Tuberous_Sclerosis435.jpg,Tuberous Sclerosis
C:\Users\HishamMo\Desktop\999_cs\Quantum_Inpired_PSO_Classifcation\MRI_dataset\Tuberous Sclerosis\Tuberous_Sclerosis436.jpg,Tuberous Sclerosis
C:\Users\HishamMo\Desktop\999_cs\Quantum_Inpired_PSO_Classifcation\MRI_dataset\Tuberous Sclerosis\Tuberous_Sclerosis437.jpg,Tuberous Sclerosis
C:\Users\HishamMo\Desktop\999_cs\Quantum_Inpired_PSO_Classifcation\MRI_dataset\Tuberous Sclerosis\Tuberous_Sclerosis438.jpg,Tuberous Sclerosis
C:\Users\HishamMo\Desktop\999_cs\Quantum_Inpired_PSO_Classifcation\MRI_dataset\Tuberous Sclerosis\Tuberous_Sclerosis439.jpg,Tuberous Sclerosis
C:\Users\HishamMo\Desktop\999_cs\Quantum_Inpired_PSO_Classifcation\MRI_dataset\Tuberous Sclerosis\Tuberous_Sclerosis440.jpg,Tuberous Sclerosis
C:\Users\HishamMo\Desktop\999_cs\Quantum_Inpired_PSO_Classifcation\MRI_dataset\Tuberous Sclerosis\Tuberous_Sclerosis441.jpg,Tuberous Sclerosis
C:\Users\HishamMo\Desktop\999_cs\Quantum_Inpired_PSO_Classifcation\MRI_dataset\Tuberous Sclerosis\Tuberous_Sclerosis442.jpg,Tuberous Sclerosis
C:\Users\HishamMo\Desktop\999_cs\Quantum_Inpired_PSO_Classifcation\MRI_dataset\Tuberous Sclerosis\Tuberous_Sclerosis443.jpg,Tuberous Sclerosis
C:\Users\HishamMo\Desktop\999_cs\Quantum_Inpired_PSO_Classifcation\MRI_dataset\Tuberous Sclerosis\Tuberous_Sclerosis444.jpg,Tuberous Sclerosis
C:\Users\HishamMo\Desktop\999_cs\Quantum_Inpired_PSO_Classifcation\MRI_dataset\Tuberous Sclerosis\Tuberous_Sclerosis445.jpg,Tuberous Sclerosis
C:\Users\HishamMo\Desktop\999_cs\Quantum_Inpired_PSO_Classifcation\MRI_dataset\Tuberous Sclerosis\Tuberous_Sclerosis446.jpg,Tuberous Sclerosis
C:\Users\HishamMo\Desktop\999_cs\Quantum_Inpired_PSO_Classifcation\MRI_dataset\Tuberous Sclerosis\Tuberous_Sclerosis447.jpg,Tuberous Sclerosis
C:\Users\HishamMo\Desktop\999_cs\Quantum_Inpired_PSO_Classifcation\MRI_dataset\Tuberous Sclerosis\Tuberous_Sclerosis448.jpg,Tuberous Sclerosis
C:\Users\HishamMo\Desktop\999_cs\Quantum_Inpired_PSO_Classifcation\MRI_dataset\Tuberous Sclerosis\Tuberous_Sclerosis449.jpg,Tuberous Sclerosis
C:\Users\HishamMo\Desktop\999_cs\Quantum_Inpired_PSO_Classifcation\MRI_dataset\Tuberous Sclerosis\Tuberous_Sclerosis450.jpg,Tuberous Sclerosis
C:\Users\HishamMo\Desktop\999_cs\Quantum_Inpired_PSO_Classifcation\MRI_dataset\Tuberous Sclerosis\Tuberous_Sclerosis451.jpg,Tuberous Sclerosis
C:\Users\HishamMo\Desktop\999_cs\Quantum_Inpired_PSO_Classifcation\MRI_dataset\Tuberous Sclerosis\Tuberous_Sclerosis452.jpg,Tuberous Sclerosis
C:\Users\HishamMo\Desktop\999_cs\Quantum_Inpired_PSO_Classifcation\MRI_dataset\Tuberous Sclerosis\Tuberous_Sclerosis453.jpg,Tuberous Sclerosis
C:\Users\HishamMo\Desktop\999_cs\Quantum_Inpired_PSO_Classifcation\MRI_dataset\Tuberous Sclerosis\Tuberous_Sclerosis454.jpg,Tuberous Sclerosis
C:\Users\HishamMo\Desktop\999_cs\Quantum_Inpired_PSO_Classifcation\MRI_dataset\Tuberous Sclerosis\Tuberous_Sclerosis455.jpg,Tuberous Sclerosis
C:\Users\HishamMo\Desktop\999_cs\Quantum_Inpired_PSO_Classifcation\MRI_dataset\Tuberous Sclerosis\Tuberous_Sclerosis456.jpg,Tuberous Sclerosis
C:\Users\HishamMo\Desktop\999_cs\Quantum_Inpired_PSO_Classifcation\MRI_dataset\Tuberous Sclerosis\Tuberous_Sclerosis457.jpg,Tuberous Sclerosis
C:\Users\HishamMo\Desktop\999_cs\Quantum_Inpired_PSO_Classifcation\MRI_dataset\Tuberous Sclerosis\Tuberous_Sclerosis458.jpg,Tuberous Sclerosis
C:\Users\HishamMo\Desktop\999_cs\Quantum_Inpired_PSO_Classifcation\MRI_dataset\Tuberous Sclerosis\Tuberous_Sclerosis459.jpg,Tuberous Sclerosis
C:\Users\HishamMo\Desktop\999_cs\Quantum_Inpired_PSO_Classifcation\MRI_dataset\Tuberous Sclerosis\Tuberous_Sclerosis460.jpg,Tuberous Sclerosis
C:\Users\HishamMo\Desktop\999_cs\Quantum_Inpired_PSO_Classifcation\MRI_dataset\Tuberous Sclerosis\Tuberous_Sclerosis461.jpg,Tuberous Sclerosis
C:\Users\HishamMo\Desktop\999_cs\Quantum_Inpired_PSO_Classifcation\MRI_dataset\Tuberous Sclerosis\Tuberous_Sclerosis462.jpg,Tuberous Sclerosis
C:\Users\HishamMo\Desktop\999_cs\Quantum_Inpired_PSO_Classifcation\MRI_dataset\Tuberous Sclerosis\Tuberous_Sclerosis463.jpg,Tuberous Sclerosis
C:\Users\HishamMo\Desktop\999_cs\Quantum_Inpired_PSO_Classifcation\MRI_dataset\Tuberous Sclerosis\Tuberous_Sclerosis464.jpg,Tuberous Sclerosis
C:\Users\HishamMo\Desktop\999_cs\Quantum_Inpired_PSO_Classifcation\MRI_dataset\Tuberous Sclerosis\Tuberous_Sclerosis465.jpg,Tuberous Sclerosis
C:\Users\HishamMo\Desktop\999_cs\Quantum_Inpired_PSO_Classifcation\MRI_dataset\Tuberous Sclerosis\Tuberous_Sclerosis466.jpg,Tuberous Sclerosis
C:\Users\HishamMo\Desktop\999_cs\Quantum_Inpired_PSO_Classifcation\MRI_dataset\Tuberous Sclerosis\Tuberous_Sclerosis467.jpg,Tuberous Sclerosis
C:\Users\HishamMo\Desktop\999_cs\Quantum_Inpired_PSO_Classifcation\MRI_dataset\Tuberous Sclerosis\Tuberous_Sclerosis468.jpg,Tuberous Sclerosis
C:\Users\HishamMo\Desktop\999_cs\Quantum_Inpired_PSO_Classifcation\MRI_dataset\Tuberous Sclerosis\Tuberous_Sclerosis469.jpg,Tuberous Sclerosis
C:\Users\HishamMo\Desktop\999_cs\Quantum_Inpired_PSO_Classifcation\MRI_dataset\Tuberous Sclerosis\Tuberous_Sclerosis470.jpg,Tuberous Sclerosis
C:\Users\HishamMo\Desktop\999_cs\Quantum_Inpired_PSO_Classifcation\MRI_dataset\Tuberous Sclerosis\Tuberous_Sclerosis471.jpg,Tuberous Sclerosis
C:\Users\HishamMo\Desktop\999_cs\Quantum_Inpired_PSO_Classifcation\MRI_dataset\Tuberous Sclerosis\Tuberous_Sclerosis472.jpg,Tuberous Sclerosis
C:\Users\HishamMo\Desktop\999_cs\Quantum_Inpired_PSO_Classifcation\MRI_dataset\Tuberous Sclerosis\Tuberous_Sclerosis473.jpg,Tuberous Sclerosis
C:\Users\HishamMo\Desktop\999_cs\Quantum_Inpired_PSO_Classifcation\MRI_dataset\Tuberous Sclerosis\Tuberous_Sclerosis474.jpg,Tuberous Sclerosis
C:\Users\HishamMo\Desktop\999_cs\Quantum_Inpired_PSO_Classifcation\MRI_dataset\Tuberous Sclerosis\Tuberous_Sclerosis475.jpg,Tuberous Sclerosis
C:\Users\HishamMo\Desktop\999_cs\Quantum_Inpired_PSO_Classifcation\MRI_dataset\Tuberous Sclerosis\Tuberous_Sclerosis476.jpg,Tuberous Sclerosis
C:\Users\HishamMo\Desktop\999_cs\Quantum_Inpired_PSO_Classifcation\MRI_dataset\Tuberous Sclerosis\Tuberous_Sclerosis477.jpg,Tuberous Sclerosis
C:\Users\HishamMo\Desktop\999_cs\Quantum_Inpired_PSO_Classifcation\MRI_dataset\Tuberous Sclerosis\Tuberous_Sclerosis478.jpg,Tuberous Sclerosis
C:\Users\HishamMo\Desktop\999_cs\Quantum_Inpired_PSO_Classifcation\MRI_dataset\Tuberous Sclerosis\Tuberous_Sclerosis479.jpg,Tuberous Sclerosis
C:\Users\HishamMo\Desktop\999_cs\Quantum_Inpired_PSO_Classifcation\MRI_dataset\Tuberous Sclerosis\Tuberous_Sclerosis480.jpg,Tuberous Sclerosis
C:\Users\HishamMo\Desktop\999_cs\Quantum_Inpired_PSO_Classifcation\MRI_dataset\Tuberous Sclerosis\Tuberous_Sclerosis481.jpg,Tuberous Sclerosis
C:\Users\HishamMo\Desktop\999_cs\Quantum_Inpired_PSO_Classifcation\MRI_dataset\Tuberous Sclerosis\Tuberous_Sclerosis482.jpg,Tuberous Sclerosis
C:\Users\HishamMo\Desktop\999_cs\Quantum_Inpired_PSO_Classifcation\MRI_dataset\Tuberous Sclerosis\Tuberous_Sclerosis483.jpg,Tuberous Sclerosis
C:\Users\HishamMo\Desktop\999_cs\Quantum_Inpired_PSO_Classifcation\MRI_dataset\Tuberous Sclerosis\Tuberous_Sclerosis484.jpg,Tuberous Sclerosis
C:\Users\HishamMo\Desktop\999_cs\Quantum_Inpired_PSO_Classifcation\MRI_dataset\Tuberous Sclerosis\Tuberous_Sclerosis485.jpg,Tuberous Sclerosis
C:\Users\HishamMo\Desktop\999_cs\Quantum_Inpired_PSO_Classifcation\MRI_dataset\Tuberous Sclerosis\Tuberous_Sclerosis486.jpg,Tuberous Sclerosis
C:\Users\HishamMo\Desktop\999_cs\Quantum_Inpired_PSO_Classifcation\MRI_dataset\Tuberous Sclerosis\Tuberous_Sclerosis487.jpg,Tuberous Sclerosis
C:\Users\HishamMo\Desktop\999_cs\Quantum_Inpired_PSO_Classifcation\MRI_dataset\Tuberous Sclerosis\Tuberous_Sclerosis488.jpg,Tuberous Sclerosis
C:\Users\HishamMo\Desktop\999_cs\Quantum_Inpired_PSO_Classifcation\MRI_dataset\Tuberous Sclerosis\Tuberous_Sclerosis489.jpg,Tuberous Sclerosis
C:\Users\HishamMo\Desktop\999_cs\Quantum_Inpired_PSO_Classifcation\MRI_dataset\Tuberous Sclerosis\Tuberous_Sclerosis490.jpg,Tuberous Sclerosis
C:\Users\HishamMo\Desktop\999_cs\Quantum_Inpired_PSO_Classifcation\MRI_dataset\Tuberous Sclerosis\Tuberous_Sclerosis491.jpg,Tuberous Sclerosis
C:\Users\HishamMo\Desktop\999_cs\Quantum_Inpired_PSO_Classifcation\MRI_dataset\Tuberous Sclerosis\Tuberous_Sclerosis492.jpg,Tuberous Sclerosis
C:\Users\HishamMo\Desktop\999_cs\Quantum_Inpired_PSO_Classifcation\MRI_dataset\Tuberous Sclerosis\Tuberous_Sclerosis493.jpg,Tuberous Sclerosis
C:\Users\HishamMo\Desktop\999_cs\Quantum_Inpired_PSO_Classifcation\MRI_dataset\Tuberous Sclerosis\Tuberous_Sclerosis494.jpg,Tuberous Sclerosis
C:\Users\HishamMo\Desktop\999_cs\Quantum_Inpired_PSO_Classifcation\MRI_dataset\Tuberous Sclerosis\Tuberous_Sclerosis495.jpg,Tuberous Sclerosis
C:\Users\HishamMo\Desktop\999_cs\Quantum_Inpired_PSO_Classifcation\MRI_dataset\Tuberous Sclerosis\Tuberous_Sclerosis496.jpg,Tuberous Sclerosis
C:\Users\HishamMo\Desktop\999_cs\Quantum_Inpired_PSO_Classifcation\MRI_dataset\Tuberous Sclerosis\Tuberous_Sclerosis497.jpg,Tuberous Sclerosis
C:\Users\HishamMo\Desktop\999_cs\Quantum_Inpired_PSO_Classifcation\MRI_dataset\Tuberous Sclerosis\Tuberous_Sclerosis498.jpg,Tuberous Sclerosis
C:\Users\HishamMo\Desktop\999_cs\Quantum_Inpired_PSO_Classifcation\MRI_dataset\Tuberous Sclerosis\Tuberous_Sclerosis499.jpg,Tuberous Sclerosis
C:\Users\HishamMo\Desktop\999_cs\Quantum_Inpired_PSO_Classifcation\MRI_dataset\Tuberous Sclerosis\Tuberous_Sclerosis500.jpg,Tuberous Sclerosis
C:\Users\HishamMo\Desktop\999_cs\Quantum_Inpired_PSO_Classifcation\MRI_dataset\Tuberous Sclerosis\Tuberous_Sclerosis501.jpg,Tuberous Sclerosis
C:\Users\HishamMo\Desktop\999_cs\Quantum_Inpired_PSO_Classifcation\MRI_dataset\Tuberous Sclerosis\Tuberous_Sclerosis502.jpg,Tuberous Sclerosis
C:\Users\HishamMo\Desktop\999_cs\Quantum_Inpired_PSO_Classifcation\MRI_dataset\Tuberous Sclerosis\Tuberous_Sclerosis503.jpg,Tuberous Sclerosis
C:\Users\HishamMo\Desktop\999_cs\Quantum_Inpired_PSO_Classifcation\MRI_dataset\Tuberous Sclerosis\Tuberous_Sclerosis504.jpg,Tuberous Sclerosis
C:\Users\HishamMo\Desktop\999_cs\Quantum_Inpired_PSO_Classifcation\MRI_dataset\Tuberous Sclerosis\Tuberous_Sclerosis505.jpg,Tuberous Sclerosis
C:\Users\HishamMo\Desktop\999_cs\Quantum_Inpired_PSO_Classifcation\MRI_dataset\Tuberous Sclerosis\Tuberous_Sclerosis506.jpg,Tuberous Sclerosis
C:\Users\HishamMo\Desktop\999_cs\Quantum_Inpired_PSO_Classifcation\MRI_dataset\Tuberous Sclerosis\Tuberous_Sclerosis507.jpg,Tuberous Sclerosis
C:\Users\HishamMo\Desktop\999_cs\Quantum_Inpired_PSO_Classifcation\MRI_dataset\Tuberous Sclerosis\Tuberous_Sclerosis508.jpg,Tuberous Sclerosis
C:\Users\HishamMo\Desktop\999_cs\Quantum_Inpired_PSO_Classifcation\MRI_dataset\Tuberous Sclerosis\Tuberous_Sclerosis509.jpg,Tuberous Sclerosis
C:\Users\HishamMo\Desktop\999_cs\Quantum_Inpired_PSO_Classifcation\MRI_dataset\Tuberous Sclerosis\Tuberous_Sclerosis510.jpg,Tuberous Sclerosis
C:\Users\HishamMo\Desktop\999_cs\Quantum_Inpired_PSO_Classifcation\MRI_dataset\Tuberous Sclerosis\Tuberous_Sclerosis511.jpg,Tuberous Sclerosis
C:\Users\HishamMo\Desktop\999_cs\Quantum_Inpired_PSO_Classifcation\MRI_dataset\Tuberous Sclerosis\Tuberous_Sclerosis512.jpg,Tuberous Sclerosis
C:\Users\HishamMo\Desktop\999_cs\Quantum_Inpired_PSO_Classifcation\MRI_dataset\Tuberous Sclerosis\Tuberous_Sclerosis513.jpg,Tuberous Sclerosis
C:\Users\HishamMo\Desktop\999_cs\Quantum_Inpired_PSO_Classifcation\MRI_dataset\Tuberous Sclerosis\Tuberous_Sclerosis514.jpg,Tuberous Sclerosis
C:\Users\HishamMo\Desktop\999_cs\Quantum_Inpired_PSO_Classifcation\MRI_dataset\Tuberous Sclerosis\Tuberous_Sclerosis515.jpg,Tuberous Sclerosis
C:\Users\HishamMo\Desktop\999_cs\Quantum_Inpired_PSO_Classifcation\MRI_dataset\Tuberous Sclerosis\Tuberous_Sclerosis516.jpg,Tuberous Sclerosis
C:\Users\HishamMo\Desktop\999_cs\Quantum_Inpired_PSO_Classifcation\MRI_dataset\Tuberous Sclerosis\Tuberous_Sclerosis517.jpg,Tuberous Sclerosis
C:\Users\HishamMo\Desktop\999_cs\Quantum_Inpired_PSO_Classifcation\MRI_dataset\Tuberous Sclerosis\Tuberous_Sclerosis518.jpg,Tuberous Sclerosis
C:\Users\HishamMo\Desktop\999_cs\Quantum_Inpired_PSO_Classifcation\MRI_dataset\Tuberous Sclerosis\Tuberous_Sclerosis519.jpg,Tuberous Sclerosis
C:\Users\HishamMo\Desktop\999_cs\Quantum_Inpired_PSO_Classifcation\MRI_dataset\Tuberous Sclerosis\Tuberous_Sclerosis520.jpg,Tuberous Sclerosis
C:\Users\HishamMo\Desktop\999_cs\Quantum_Inpired_PSO_Classifcation\MRI_dataset\Tuberous Sclerosis\Tuberous_Sclerosis521.jpg,Tuberous Sclerosis
C:\Users\HishamMo\Desktop\999_cs\Quantum_Inpired_PSO_Classifcation\MRI_dataset\Tuberous Sclerosis\Tuberous_Sclerosis522.jpg,Tuberous Sclerosis
C:\Users\HishamMo\Desktop\999_cs\Quantum_Inpired_PSO_Classifcation\MRI_dataset\Tuberous Sclerosis\Tuberous_Sclerosis523.jpg,Tuberous Sclerosis
C:\Users\HishamMo\Desktop\999_cs\Quantum_Inpired_PSO_Classifcation\MRI_dataset\Tuberous Sclerosis\Tuberous_Sclerosis524.jpg,Tuberous Sclerosis
C:\Users\HishamMo\Desktop\999_cs\Quantum_Inpired_PSO_Classifcation\MRI_dataset\Tuberous Sclerosis\Tuberous_Sclerosis525.jpg,Tuberous Sclerosis
C:\Users\HishamMo\Desktop\999_cs\Quantum_Inpired_PSO_Classifcation\MRI_dataset\Tuberous Sclerosis\Tuberous_Sclerosis526.jpg,Tuberous Sclerosis
C:\Users\HishamMo\Desktop\999_cs\Quantum_Inpired_PSO_Classifcation\MRI_dataset\Tuberous Sclerosis\Tuberous_Sclerosis527.jpg,Tuberous Sclerosis
C:\Users\HishamMo\Desktop\999_cs\Quantum_Inpired_PSO_Classifcation\MRI_dataset\Tuberous Sclerosis\Tuberous_Sclerosis528.jpg,Tuberous Sclerosis
C:\Users\HishamMo\Desktop\999_cs\Quantum_Inpired_PSO_Classifcation\MRI_dataset\Tuberous Sclerosis\Tuberous_Sclerosis529.jpg,Tuberous Sclerosis
C:\Users\HishamMo\Desktop\999_cs\Quantum_Inpired_PSO_Classifcation\MRI_dataset\Tuberous Sclerosis\Tuberous_Sclerosis530.jpg,Tuberous Sclerosis
C:\Users\HishamMo\Desktop\999_cs\Quantum_Inpired_PSO_Classifcation\MRI_dataset\Tuberous Sclerosis\Tuberous_Sclerosis531.jpg,Tuberous Sclerosis
C:\Users\HishamMo\Desktop\999_cs\Quantum_Inpired_PSO_Classifcation\MRI_dataset\Tuberous Sclerosis\Tuberous_Sclerosis532.jpg,Tuberous Sclerosis
C:\Users\HishamMo\Desktop\999_cs\Quantum_Inpired_PSO_Classifcation\MRI_dataset\Tuberous Sclerosis\Tuberous_Sclerosis533.jpg,Tuberous Sclerosis
C:\Users\HishamMo\Desktop\999_cs\Quantum_Inpired_PSO_Classifcation\MRI_dataset\Tuberous Sclerosis\Tuberous_Sclerosis534.jpg,Tuberous Sclerosis
C:\Users\HishamMo\Desktop\999_cs\Quantum_Inpired_PSO_Classifcation\MRI_dataset\Tuberous Sclerosis\Tuberous_Sclerosis535.jpg,Tuberous Sclerosis
C:\Users\HishamMo\Desktop\999_cs\Quantum_Inpired_PSO_Classifcation\MRI_dataset\Tuberous Sclerosis\Tuberous_Sclerosis536.jpg,Tuberous Sclerosis
C:\Users\HishamMo\Desktop\999_cs\Quantum_Inpired_PSO_Classifcation\MRI_dataset\Tuberous Sclerosis\Tuberous_Sclerosis537.jpg,Tuberous Sclerosis
C:\Users\HishamMo\Desktop\999_cs\Quantum_Inpired_PSO_Classifcation\MRI_dataset\Tuberous Sclerosis\Tuberous_Sclerosis538.jpg,Tuberous Sclerosis
C:\Users\HishamMo\Desktop\999_cs\Quantum_Inpired_PSO_Classifcation\MRI_dataset\Tuberous Sclerosis\Tuberous_Sclerosis539.jpg,Tuberous Sclerosis
C:\Users\HishamMo\Desktop\999_cs\Quantum_Inpired_PSO_Classifcation\MRI_dataset\Tuberous Sclerosis\Tuberous_Sclerosis540.jpg,Tuberous Sclerosis
C:\Users\HishamMo\Desktop\999_cs\Quantum_Inpired_PSO_Classifcation\MRI_dataset\Tuberous Sclerosis\Tuberous_Sclerosis541.jpg,Tuberous Sclerosis
C:\Users\HishamMo\Desktop\999_cs\Quantum_Inpired_PSO_Classifcation\MRI_dataset\Tuberous Sclerosis\Tuberous_Sclerosis542.jpg,Tuberous Sclerosis
C:\Users\HishamMo\Desktop\999_cs\Quantum_Inpired_PSO_Classifcation\MRI_dataset\Tuberous Sclerosis\Tuberous_Sclerosis543.jpg,Tuberous Sclerosis
C:\Users\HishamMo\Desktop\999_cs\Quantum_Inpired_PSO_Classifcation\MRI_dataset\Tuberous Sclerosis\Tuberous_Sclerosis544.jpg,Tuberous Sclerosis
C:\Users\HishamMo\Desktop\999_cs\Quantum_Inpired_PSO_Classifcation\MRI_dataset\Tuberous Sclerosis\Tuberous_Sclerosis545.jpg,Tuberous Sclerosis
C:\Users\HishamMo\Desktop\999_cs\Quantum_Inpired_PSO_Classifcation\MRI_dataset\Tuberous Sclerosis\Tuberous_Sclerosis546.jpg,Tuberous Sclerosis
C:\Users\HishamMo\Desktop\999_cs\Quantum_Inpired_PSO_Classifcation\MRI_dataset\Tuberous Sclerosis\Tuberous_Sclerosis547.jpg,Tuberous Sclerosis
C:\Users\HishamMo\Desktop\999_cs\Quantum_Inpired_PSO_Classifcation\MRI_dataset\Tuberous Sclerosis\Tuberous_Sclerosis548.jpg,Tuberous Sclerosis
C:\Users\HishamMo\Desktop\999_cs\Quantum_Inpired_PSO_Classifcation\MRI_dataset\Tuberous Sclerosis\Tuberous_Sclerosis549.jpg,Tuberous Sclerosis
C:\Users\HishamMo\Desktop\999_cs\Quantum_Inpired_PSO_Classifcation\MRI_dataset\Tuberous Sclerosis\Tuberous_Sclerosis550.jpg,Tuberous Sclerosis
C:\Users\HishamMo\Desktop\999_cs\Quantum_Inpired_PSO_Classifcation\MRI_dataset\Tuberous Sclerosis\Tuberous_Sclerosis551.jpg,Tuberous Sclerosis
C:\Users\HishamMo\Desktop\999_cs\Quantum_Inpired_PSO_Classifcation\MRI_dataset\Tuberous Sclerosis\Tuberous_Sclerosis552.jpg,Tuberous Sclerosis
C:\Users\HishamMo\Desktop\999_cs\Quantum_Inpired_PSO_Classifcation\MRI_dataset\Tuberous Sclerosis\Tuberous_Sclerosis553.jpg,Tuberous Sclerosis
C:\Users\HishamMo\Desktop\999_cs\Quantum_Inpired_PSO_Classifcation\MRI_dataset\Tuberous Sclerosis\Tuberous_Sclerosis554.jpg,Tuberous Sclerosis
C:\Users\HishamMo\Desktop\999_cs\Quantum_Inpired_PSO_Classifcation\MRI_dataset\Tuberous Sclerosis\Tuberous_Sclerosis555.jpg,Tuberous Sclerosis
C:\Users\HishamMo\Desktop\999_cs\Quantum_Inpired_PSO_Classifcation\MRI_dataset\Tuberous Sclerosis\Tuberous_Sclerosis556.jpg,Tuberous Sclerosis
C:\Users\HishamMo\Desktop\999_cs\Quantum_Inpired_PSO_Classifcation\MRI_dataset\Tuberous Sclerosis\Tuberous_Sclerosis557.jpg,Tuberous Sclerosis
C:\Users\HishamMo\Desktop\999_cs\Quantum_Inpired_PSO_Classifcation\MRI_dataset\Tuberous Sclerosis\Tuberous_Sclerosis558.jpg,Tuberous Sclerosis
C:\Users\HishamMo\Desktop\999_cs\Quantum_Inpired_PSO_Classifcation\MRI_dataset\Tuberous Sclerosis\Tuberous_Sclerosis559.jpg,Tuberous Sclerosis
C:\Users\HishamMo\Desktop\999_cs\Quantum_Inpired_PSO_Classifcation\MRI_dataset\Tuberous Sclerosis\Tuberous_Sclerosis560.jpg,Tuberous Sclerosis
C:\Users\HishamMo\Desktop\999_cs\Quantum_Inpired_PSO_Classifcation\MRI_dataset\Tuberous Sclerosis\Tuberous_Sclerosis561.jpg,Tuberous Sclerosis
C:\Users\HishamMo\Desktop\999_cs\Quantum_Inpired_PSO_Classifcation\MRI_dataset\Tuberous Sclerosis\Tuberous_Sclerosis562.jpg,Tuberous Sclerosis
C:\Users\HishamMo\Desktop\999_cs\Quantum_Inpired_PSO_Classifcation\MRI_dataset\Tuberous Sclerosis\Tuberous_Sclerosis563.jpg,Tuberous Sclerosis
C:\Users\HishamMo\Desktop\999_cs\Quantum_Inpired_PSO_Classifcation\MRI_dataset\Tuberous Sclerosis\Tuberous_Sclerosis564.jpg,Tuberous Sclerosis
C:\Users\HishamMo\Desktop\999_cs\Quantum_Inpired_PSO_Classifcation\MRI_dataset\Tuberous Sclerosis\Tuberous_Sclerosis565.jpg,Tuberous Sclerosis
C:\Users\HishamMo\Desktop\999_cs\Quantum_Inpired_PSO_Classifcation\MRI_dataset\Tuberous Sclerosis\Tuberous_Sclerosis566.jpg,Tuberous Sclerosis
C:\Users\HishamMo\Desktop\999_cs\Quantum_Inpired_PSO_Classifcation\MRI_dataset\Tuberous Sclerosis\Tuberous_Sclerosis567.jpg,Tuberous Sclerosis
C:\Users\HishamMo\Desktop\999_cs\Quantum_Inpired_PSO_Classifcation\MRI_dataset\Tuberous Sclerosis\Tuberous_Sclerosis568.jpg,Tuberous Sclerosis
C:\Users\HishamMo\Desktop\999_cs\Quantum_Inpired_PSO_Classifcation\MRI_dataset\Tuberous Sclerosis\Tuberous_Sclerosis569.jpg,Tuberous Sclerosis
C:\Users\HishamMo\Desktop\999_cs\Quantum_Inpired_PSO_Classifcation\MRI_dataset\Tuberous Sclerosis\Tuberous_Sclerosis570.jpg,Tuberous Sclerosis
C:\Users\HishamMo\Desktop\999_cs\Quantum_Inpired_PSO_Classifcation\MRI_dataset\Tuberous Sclerosis\Tuberous_Sclerosis571.jpg,Tuberous Sclerosis
C:\Users\HishamMo\Desktop\999_cs\Quantum_Inpired_PSO_Classifcation\MRI_dataset\Tuberous Sclerosis\Tuberous_Sclerosis572.jpg,Tuberous Sclerosis
C:\Users\HishamMo\Desktop\999_cs\Quantum_Inpired_PSO_Classifcation\MRI_dataset\Tuberous Sclerosis\Tuberous_Sclerosis573.jpg,Tuberous Sclerosis
C:\Users\HishamMo\Desktop\999_cs\Quantum_Inpired_PSO_Classifcation\MRI_dataset\Tuberous Sclerosis\Tuberous_Sclerosis574.jpg,Tuberous Sclerosis
C:\Users\HishamMo\Desktop\999_cs\Quantum_Inpired_PSO_Classifcation\MRI_dataset\Tuberous Sclerosis\Tuberous_Sclerosis575.jpg,Tuberous Sclerosis
C:\Users\HishamMo\Desktop\999_cs\Quantum_Inpired_PSO_Classifcation\MRI_dataset\Tuberous Sclerosis\Tuberous_Sclerosis576.jpg,Tuberous Sclerosis
C:\Users\HishamMo\Desktop\999_cs\Quantum_Inpired_PSO_Classifcation\MRI_dataset\Tuberous Sclerosis\Tuberous_Sclerosis577.jpg,Tuberous Sclerosis
C:\Users\HishamMo\Desktop\999_cs\Quantum_Inpired_PSO_Classifcation\MRI_dataset\Tuberous Sclerosis\Tuberous_Sclerosis578.jpg,Tuberous Sclerosis
C:\Users\HishamMo\Desktop\999_cs\Quantum_Inpired_PSO_Classifcation\MRI_dataset\Tuberous Sclerosis\Tuberous_Sclerosis579.jpg,Tuberous Sclerosis
C:\Users\HishamMo\Desktop\999_cs\Quantum_Inpired_PSO_Classifcation\MRI_dataset\Tuberous Sclerosis\Tuberous_Sclerosis580.jpg,Tuberous Sclerosis
C:\Users\HishamMo\Desktop\999_cs\Quantum_Inpired_PSO_Classifcation\MRI_dataset\Tuberous Sclerosis\Tuberous_Sclerosis581.jpg,Tuberous Sclerosis
C:\Users\HishamMo\Desktop\999_cs\Quantum_Inpired_PSO_Classifcation\MRI_dataset\Tuberous Sclerosis\Tuberous_Sclerosis582.jpg,Tuberous Sclerosis
C:\Users\HishamMo\Desktop\999_cs\Quantum_Inpired_PSO_Classifcation\MRI_dataset\Tuberous Sclerosis\Tuberous_Sclerosis583.jpg,Tuberous Sclerosis
C:\Users\HishamMo\Desktop\999_cs\Quantum_Inpired_PSO_Classifcation\MRI_dataset\Tuberous Sclerosis\Tuberous_Sclerosis584.jpg,Tuberous Sclerosis
C:\Users\HishamMo\Desktop\999_cs\Quantum_Inpired_PSO_Classifcation\MRI_dataset\Tuberous Sclerosis\Tuberous_Sclerosis585.jpg,Tuberous Sclerosis
C:\Users\HishamMo\Desktop\999_cs\Quantum_Inpired_PSO_Classifcation\MRI_dataset\Tuberous Sclerosis\Tuberous_Sclerosis586.jpg,Tuberous Sclerosis
C:\Users\HishamMo\Desktop\999_cs\Quantum_Inpired_PSO_Classifcation\MRI_dataset\Tuberous Sclerosis\Tuberous_Sclerosis587.jpg,Tuberous Sclerosis
C:\Users\HishamMo\Desktop\999_cs\Quantum_Inpired_PSO_Classifcation\MRI_dataset\Tuberous Sclerosis\Tuberous_Sclerosis588.jpg,Tuberous Sclerosis
C:\Users\HishamMo\Desktop\999_cs\Quantum_Inpired_PSO_Classifcation\MRI_dataset\Tuberous Sclerosis\Tuberous_Sclerosis589.jpg,Tuberous Sclerosis
C:\Users\HishamMo\Desktop\999_cs\Quantum_Inpired_PSO_Classifcation\MRI_dataset\Tuberous Sclerosis\Tuberous_Sclerosis590.jpg,Tuberous Sclerosis
C:\Users\HishamMo\Desktop\999_cs\Quantum_Inpired_PSO_Classifcation\MRI_dataset\Tuberous Sclerosis\Tuberous_Sclerosis591.jpg,Tuberous Sclerosis
C:\Users\HishamMo\Desktop\999_cs\Quantum_Inpired_PSO_Classifcation\MRI_dataset\Tuberous Sclerosis\Tuberous_Sclerosis592.jpg,Tuberous Sclerosis
C:\Users\HishamMo\Desktop\999_cs\Quantum_Inpired_PSO_Classifcation\MRI_dataset\Tuberous Sclerosis\Tuberous_Sclerosis593.jpg,Tuberous Sclerosis
C:\Users\HishamMo\Desktop\999_cs\Quantum_Inpired_PSO_Classifcation\MRI_dataset\Tuberous Sclerosis\Tuberous_Sclerosis594.jpg,Tuberous Sclerosis
C:\Users\HishamMo\Desktop\999_cs\Quantum_Inpired_PSO_Classifcation\MRI_dataset\Tuberous Sclerosis\Tuberous_Sclerosis595.jpg,Tuberous Sclerosis
C:\Users\HishamMo\Desktop\999_cs\Quantum_Inpired_PSO_Classifcation\MRI_dataset\Tuberous Sclerosis\Tuberous_Sclerosis596.jpg,Tuberous Sclerosis
C:\Users\HishamMo\Desktop\999_cs\Quantum_Inpired_PSO_Classifcation\MRI_dataset\Tuberous Sclerosis\Tuberous_Sclerosis597.jpg,Tuberous Sclerosis
C:\Users\HishamMo\Desktop\999_cs\Quantum_Inpired_PSO_Classifcation\MRI_dataset\Tuberous Sclerosis\Tuberous_Sclerosis598.jpg,Tuberous Sclerosis
C:\Users\HishamMo\Desktop\999_cs\Quantum_Inpired_PSO_Classifcation\MRI_dataset\Tuberous Sclerosis\Tuberous_Sclerosis599.jpg,Tuberous Sclerosis
C:\Users\HishamMo\Desktop\999_cs\Quantum_Inpired_PSO_Classifcation\MRI_dataset\Tuberous Sclerosis\Tuberous_Sclerosis600.jpg,Tuberous Sclerosis
C:\Users\HishamMo\Desktop\999_cs\Quantum_Inpired_PSO_Classifcation\MRI_dataset\Tuberous Sclerosis\Tuberous_Sclerosis601.jpg,Tuberous Sclerosis
C:\Users\HishamMo\Desktop\999_cs\Quantum_Inpired_PSO_Classifcation\MRI_dataset\Tuberous Sclerosis\Tuberous_Sclerosis602.jpg,Tuberous Sclerosis
C:\Users\HishamMo\Desktop\999_cs\Quantum_Inpired_PSO_Classifcation\MRI_dataset\Tuberous Sclerosis\Tuberous_Sclerosis603.jpg,Tuberous Sclerosis
C:\Users\HishamMo\Desktop\999_cs\Quantum_Inpired_PSO_Classifcation\MRI_dataset\Tuberous Sclerosis\Tuberous_Sclerosis604.jpg,Tuberous Sclerosis
C:\Users\HishamMo\Desktop\999_cs\Quantum_Inpired_PSO_Classifcation\MRI_dataset\Tuberous Sclerosis\Tuberous_Sclerosis605.jpg,Tuberous Sclerosis
C:\Users\HishamMo\Desktop\999_cs\Quantum_Inpired_PSO_Classifcation\MRI_dataset\Tuberous Sclerosis\Tuberous_Sclerosis606.jpg,Tuberous Sclerosis
C:\Users\HishamMo\Desktop\999_cs\Quantum_Inpired_PSO_Classifcation\MRI_dataset\Tuberous Sclerosis\Tuberous_Sclerosis607.jpg,Tuberous Sclerosis
C:\Users\HishamMo\Desktop\999_cs\Quantum_Inpired_PSO_Classifcation\MRI_dataset\Tuberous Sclerosis\Tuberous_Sclerosis608.jpg,Tuberous Sclerosis
C:\Users\HishamMo\Desktop\999_cs\Quantum_Inpired_PSO_Classifcation\MRI_dataset\Tuberous Sclerosis\Tuberous_Sclerosis609.jpg,Tuberous Sclerosis
C:\Users\HishamMo\Desktop\999_cs\Quantum_Inpired_PSO_Classifcation\MRI_dataset\Tuberous Sclerosis\Tuberous_Sclerosis610.jpg,Tuberous Sclerosis
C:\Users\HishamMo\Desktop\999_cs\Quantum_Inpired_PSO_Classifcation\MRI_dataset\Tuberous Sclerosis\Tuberous_Sclerosis611.jpg,Tuberous Sclerosis
C:\Users\HishamMo\Desktop\999_cs\Quantum_Inpired_PSO_Classifcation\MRI_dataset\Tuberous Sclerosis\Tuberous_Sclerosis612.jpg,Tuberous Sclerosis
C:\Users\HishamMo\Desktop\999_cs\Quantum_Inpired_PSO_Classifcation\MRI_dataset\Tuberous Sclerosis\Tuberous_Sclerosis613.jpg,Tuberous Sclerosis
C:\Users\HishamMo\Desktop\999_cs\Quantum_Inpired_PSO_Classifcation\MRI_dataset\Tuberous Sclerosis\Tuberous_Sclerosis614.jpg,Tuberous Sclerosis
C:\Users\HishamMo\Desktop\999_cs\Quantum_Inpired_PSO_Classifcation\MRI_dataset\Tuberous Sclerosis\Tuberous_Sclerosis615.jpg,Tuberous Sclerosis
C:\Users\HishamMo\Desktop\999_cs\Quantum_Inpired_PSO_Classifcation\MRI_dataset\Tuberous Sclerosis\Tuberous_Sclerosis616.jpg,Tuberous Sclerosis
C:\Users\HishamMo\Desktop\999_cs\Quantum_Inpired_PSO_Classifcation\MRI_dataset\Tuberous Sclerosis\Tuberous_Sclerosis617.jpg,Tuberous Sclerosis
C:\Users\HishamMo\Desktop\999_cs\Quantum_Inpired_PSO_Classifcation\MRI_dataset\Tuberous Sclerosis\Tuberous_Sclerosis618.jpg,Tuberous Sclerosis
C:\Users\HishamMo\Desktop\999_cs\Quantum_Inpired_PSO_Classifcation\MRI_dataset\Tuberous Sclerosis\Tuberous_Sclerosis619.jpg,Tuberous Sclerosis
C:\Users\HishamMo\Desktop\999_cs\Quantum_Inpired_PSO_Classifcation\MRI_dataset\Tuberous Sclerosis\Tuberous_Sclerosis620.jpg,Tuberous Sclerosis
C:\Users\HishamMo\Desktop\999_cs\Quantum_Inpired_PSO_Classifcation\MRI_dataset\Tuberous Sclerosis\Tuberous_Sclerosis621.jpg,Tuberous Sclerosis
C:\Users\HishamMo\Desktop\999_cs\Quantum_Inpired_PSO_Classifcation\MRI_dataset\Tuberous Sclerosis\Tuberous_Sclerosis622.jpg,Tuberous Sclerosis
C:\Users\HishamMo\Desktop\999_cs\Quantum_Inpired_PSO_Classifcation\MRI_dataset\Tuberous Sclerosis\Tuberous_Sclerosis623.jpg,Tuberous Sclerosis
C:\Users\HishamMo\Desktop\999_cs\Quantum_Inpired_PSO_Classifcation\MRI_dataset\Tuberous Sclerosis\Tuberous_Sclerosis624.jpg,Tuberous Sclerosis
C:\Users\HishamMo\Desktop\999_cs\Quantum_Inpired_PSO_Classifcation\MRI_dataset\Tuberous Sclerosis\Tuberous_Sclerosis625.jpg,Tuberous Sclerosis
C:\Users\HishamMo\Desktop\999_cs\Quantum_Inpired_PSO_Classifcation\MRI_dataset\Tuberous Sclerosis\Tuberous_Sclerosis626.jpg,Tuberous Sclerosis
C:\Users\HishamMo\Desktop\999_cs\Quantum_Inpired_PSO_Classifcation\MRI_dataset\Tuberous Sclerosis\Tuberous_Sclerosis627.jpg,Tuberous Sclerosis
C:\Users\HishamMo\Desktop\999_cs\Quantum_Inpired_PSO_Classifcation\MRI_dataset\Tuberous Sclerosis\Tuberous_Sclerosis628.jpg,Tuberous Sclerosis
C:\Users\HishamMo\Desktop\999_cs\Quantum_Inpired_PSO_Classifcation\MRI_dataset\Tuberous Sclerosis\Tuberous_Sclerosis629.jpg,Tuberous Sclerosis
C:\Users\HishamMo\Desktop\999_cs\Quantum_Inpired_PSO_Classifcation\MRI_dataset\Tuberous Sclerosis\Tuberous_Sclerosis630.jpg,Tuberous Sclerosis
C:\Users\HishamMo\Desktop\999_cs\Quantum_Inpired_PSO_Classifcation\MRI_dataset\Tuberous Sclerosis\Tuberous_Sclerosis631.jpg,Tuberous Sclerosis
C:\Users\HishamMo\Desktop\999_cs\Quantum_Inpired_PSO_Classifcation\MRI_dataset\Tuberous Sclerosis\Tuberous_Sclerosis632.jpg,Tuberous Sclerosis
C:\Users\HishamMo\Desktop\999_cs\Quantum_Inpired_PSO_Classifcation\MRI_dataset\Tuberous Sclerosis\Tuberous_Sclerosis633.jpg,Tuberous Sclerosis
C:\Users\HishamMo\Desktop\999_cs\Quantum_Inpired_PSO_Classifcation\MRI_dataset\Tuberous Sclerosis\Tuberous_Sclerosis634.jpg,Tuberous Sclerosis
C:\Users\HishamMo\Desktop\999_cs\Quantum_Inpired_PSO_Classifcation\MRI_dataset\Tuberous Sclerosis\Tuberous_Sclerosis635.jpg,Tuberous Sclerosis
C:\Users\HishamMo\Desktop\999_cs\Quantum_Inpired_PSO_Classifcation\MRI_dataset\Tuberous Sclerosis\Tuberous_Sclerosis636.jpg,Tuberous Sclerosis
C:\Users\HishamMo\Desktop\999_cs\Quantum_Inpired_PSO_Classifcation\MRI_dataset\Tuberous Sclerosis\Tuberous_Sclerosis637.jpg,Tuberous Sclerosis
C:\Users\HishamMo\Desktop\999_cs\Quantum_Inpired_PSO_Classifcation\MRI_dataset\Tuberous Sclerosis\Tuberous_Sclerosis638.jpg,Tuberous Sclerosis
C:\Users\HishamMo\Desktop\999_cs\Quantum_Inpired_PSO_Classifcation\MRI_dataset\Tuberous Sclerosis\Tuberous_Sclerosis639.jpg,Tuberous Sclerosis
C:\Users\HishamMo\Desktop\999_cs\Quantum_Inpired_PSO_Classifcation\MRI_dataset\Tuberous Sclerosis\Tuberous_Sclerosis640.jpg,Tuberous Sclerosis
C:\Users\HishamMo\Desktop\999_cs\Quantum_Inpired_PSO_Classifcation\MRI_dataset\Tuberous Sclerosis\Tuberous_Sclerosis641.jpg,Tuberous Sclerosis
C:\Users\HishamMo\Desktop\999_cs\Quantum_Inpired_PSO_Classifcation\MRI_dataset\Tuberous Sclerosis\Tuberous_Sclerosis642.jpg,Tuberous Sclerosis
C:\Users\HishamMo\Desktop\999_cs\Quantum_Inpired_PSO_Classifcation\MRI_dataset\Tuberous Sclerosis\Tuberous_Sclerosis643.jpg,Tuberous Sclerosis
C:\Users\HishamMo\Desktop\999_cs\Quantum_Inpired_PSO_Classifcation\MRI_dataset\Tuberous Sclerosis\Tuberous_Sclerosis644.jpg,Tuberous Sclerosis
C:\Users\HishamMo\Desktop\999_cs\Quantum_Inpired_PSO_Classifcation\MRI_dataset\Tuberous Sclerosis\Tuberous_Sclerosis645.jpg,Tuberous Sclerosis
C:\Users\HishamMo\Desktop\999_cs\Quantum_Inpired_PSO_Classifcation\MRI_dataset\Tuberous Sclerosis\Tuberous_Sclerosis646.jpg,Tuberous Sclerosis
C:\Users\HishamMo\Desktop\999_cs\Quantum_Inpired_PSO_Classifcation\MRI_dataset\Tuberous Sclerosis\Tuberous_Sclerosis647.jpg,Tuberous Sclerosis
C:\Users\HishamMo\Desktop\999_cs\Quantum_Inpired_PSO_Classifcation\MRI_dataset\Tuberous Sclerosis\Tuberous_Sclerosis648.jpg,Tuberous Sclerosis
C:\Users\HishamMo\Desktop\999_cs\Quantum_Inpired_PSO_Classifcation\MRI_dataset\Tuberous Sclerosis\Tuberous_Sclerosis649.jpg,Tuberous Sclerosis
C:\Users\HishamMo\Desktop\999_cs\Quantum_Inpired_PSO_Classifcation\MRI_dataset\Tuberous Sclerosis\Tuberous_Sclerosis650.jpg,Tuberous Sclerosis
C:\Users\HishamMo\Desktop\999_cs\Quantum_Inpired_PSO_Classifcation\MRI_dataset\Tuberous Sclerosis\Tuberous_Sclerosis651.jpg,Tuberous Sclerosis
C:\Users\HishamMo\Desktop\999_cs\Quantum_Inpired_PSO_Classifcation\MRI_dataset\Tuberous Sclerosis\Tuberous_Sclerosis652.jpg,Tuberous Sclerosis
C:\Users\HishamMo\Desktop\999_cs\Quantum_Inpired_PSO_Classifcation\MRI_dataset\Tuberous Sclerosis\Tuberous_Sclerosis653.jpg,Tuberous Sclerosis
C:\Users\HishamMo\Desktop\999_cs\Quantum_Inpired_PSO_Classifcation\MRI_dataset\Tuberous Sclerosis\Tuberous_Sclerosis654.jpg,Tuberous Sclerosis
C:\Users\HishamMo\Desktop\999_cs\Quantum_Inpired_PSO_Classifcation\MRI_dataset\Tuberous Sclerosis\Tuberous_Sclerosis655.jpg,Tuberous Sclerosis
C:\Users\HishamMo\Desktop\999_cs\Quantum_Inpired_PSO_Classifcation\MRI_dataset\Tuberous Sclerosis\Tuberous_Sclerosis656.jpg,Tuberous Sclerosis
C:\Users\HishamMo\Desktop\999_cs\Quantum_Inpired_PSO_Classifcation\MRI_dataset\Tuberous Sclerosis\Tuberous_Sclerosis657.jpg,Tuberous Sclerosis
C:\Users\HishamMo\Desktop\999_cs\Quantum_Inpired_PSO_Classifcation\MRI_dataset\Tuberous Sclerosis\Tuberous_Sclerosis658.jpg,Tuberous Sclerosis
C:\Users\HishamMo\Desktop\999_cs\Quantum_Inpired_PSO_Classifcation\MRI_dataset\Tuberous Sclerosis\Tuberous_Sclerosis659.jpg,Tuberous Sclerosis
C:\Users\HishamMo\Desktop\999_cs\Quantum_Inpired_PSO_Classifcation\MRI_dataset\Tuberous Sclerosis\Tuberous_Sclerosis660.jpg,Tuberous Sclerosis
C:\Users\HishamMo\Desktop\999_cs\Quantum_Inpired_PSO_Classifcation\MRI_dataset\Tuberous Sclerosis\Tuberous_Sclerosis661.jpg,Tuberous Sclerosis
C:\Users\HishamMo\Desktop\999_cs\Quantum_Inpired_PSO_Classifcation\MRI_dataset\Tuberous Sclerosis\Tuberous_Sclerosis662.jpg,Tuberous Sclerosis
C:\Users\HishamMo\Desktop\999_cs\Quantum_Inpired_PSO_Classifcation\MRI_dataset\Tuberous Sclerosis\Tuberous_Sclerosis663.jpg,Tuberous Sclerosis
C:\Users\HishamMo\Desktop\999_cs\Quantum_Inpired_PSO_Classifcation\MRI_dataset\Tuberous Sclerosis\Tuberous_Sclerosis664.jpg,Tuberous Sclerosis
